kind,alpha,frequency_MHz,area_m2,dipoles_per_tile,before_n,after_n,before_rate_as_printed,after_rate_per_year,ratio_after_removing_normalization
dish,-1.0,400.0,0.1,,1594,1593,192.31927034599954,93080.8093501923,0.9993726474278544
dish,-1.0,400.0,0.2,,1592,1591,192.07796636815007,92963.94706601126,0.9993718592964824
dish,-1.0,400.0,0.30000000000000004,,1589,1588,191.71601040137594,92788.65363973971,0.9993706733794839
dish,-1.0,400.0,0.4,,1585,1584,191.2334024456771,92554.92907137764,0.9993690851735013
dish,-1.0,400.0,0.5,,1582,1581,190.8714464789029,92379.6356451061,0.9993678887484198
dish,-1.0,400.0,0.6,,1578,1577,190.38883852320404,92145.91107674404,0.9993662864385299
dish,-1.0,400.0,0.7000000000000001,,1574,1574,189.9062305675052,91970.61765047249,0.9999999999999999
dish,-1.0,400.0,0.8,,1570,1570,189.4236226118063,91736.89308211043,1.0
dish,-1.0,400.0,0.9,,1566,1566,188.94101465610746,91503.16851374834,0.9999999999999998
dish,-1.0,400.0,1.0,,1562,1562,188.4584067004086,91269.44394538629,0.9999999999999998
dish,-1.0,400.0,1.1,,1558,1557,187.9757987447097,90977.2882349337,0.9993581514762515
dish,-1.0,400.0,1.2000000000000002,,1554,1553,187.49319078901084,90743.56366657164,0.9993564993564993
dish,-1.0,400.0,1.3000000000000003,,1550,1549,187.01058283331196,90509.83909820957,0.9993548387096773
dish,-1.0,400.0,1.4000000000000001,,1545,1544,186.40732288868838,90217.683387757,0.9993527508090615
dish,-1.0,400.0,1.5000000000000002,,1541,1540,185.9247149329895,89983.95881939495,0.9993510707332902
dish,-1.0,400.0,1.6,,1536,1535,185.32145498836593,89691.80310894235,0.9993489583333331
dish,-1.0,400.0,1.7000000000000002,,1532,1531,184.83884703266705,89458.07854058029,0.9993472584856395
dish,-1.0,400.0,1.8000000000000003,,1527,1526,184.23558708804345,89165.9228301277,0.9993451211525867
dish,-1.0,400.0,1.9000000000000001,,1523,1522,183.7529791323446,88932.19826176565,0.9993434011818778
dish,-1.0,400.0,2.0,,1518,1517,183.14971918772102,88640.04255131306,0.9993412384716731
dish,-1.0,400.0,2.1,,1513,1512,182.54645924309742,88347.88684086048,0.9993390614672834
dish,-1.0,400.0,2.2,,1509,1508,182.06385128739856,88114.16227249842,0.9993373094764744
dish,-1.0,400.0,2.3000000000000003,,1504,1503,181.460591342775,87822.00656204583,0.9993351063829785
dish,-1.0,400.0,2.4000000000000004,,1499,1498,180.85733139815136,87529.85085159325,0.9993328885923949
dish,-1.0,400.0,2.5000000000000004,,1494,1494,180.2540714535278,87296.12628323119,0.9999999999999998
dish,-1.0,400.0,2.6,,1490,1489,179.77146349782893,87003.9705727786,0.9993288590604026
dish,-1.0,400.0,2.7,,1485,1484,179.16820355320533,86711.81486232602,0.9993265993265993
dish,-1.0,400.0,2.8000000000000003,,1480,1479,178.56494360858176,86419.65915187343,0.999324324324324
dish,-1.0,400.0,2.9000000000000004,,1475,1474,177.96168366395815,86127.50344142086,0.9993220338983051
dish,-1.0,400.0,3.0000000000000004,,1470,1469,177.35842371933458,85835.3477309683,0.9993197278911565
dish,-1.0,400.0,3.1,,1465,1465,176.75516377471098,85601.62316260622,1.0
dish,-1.0,400.0,3.2,,1461,1460,176.27255581901213,85309.46745215364,0.9993155373032168
dish,-1.0,400.0,3.3000000000000003,,1456,1455,175.66929587438852,85017.31174170107,0.9993131868131869
dish,-1.0,400.0,3.4000000000000004,,1451,1450,175.06603592976495,84725.15603124847,0.9993108201240521
dish,-1.0,400.0,3.5000000000000004,,1446,1445,174.46277598514135,84433.00032079588,0.9993084370677728
dish,-1.0,400.0,3.6,,1441,1440,173.85951604051775,84140.84461034332,0.9993060374739766
dish,-1.0,400.0,3.7,,1436,1435,173.2562560958942,83848.68889989074,0.9993036211699163
dish,-1.0,400.0,3.8000000000000003,,1431,1431,172.65299615127057,83614.96433152867,1.0
dish,-1.0,400.0,3.9000000000000004,,1427,1426,172.17038819557172,83322.8086210761,0.9992992291520673
dish,-1.0,400.0,4.0,,1422,1421,171.56712825094814,83030.65291062351,0.9992967651195498
dish,-1.0,400.0,4.1,,1417,1416,170.96386830632454,82738.49720017092,0.9992942836979535
dish,-1.0,400.0,4.2,,1412,1411,170.36060836170097,82446.34148971834,0.9992917847025494
dish,-1.0,400.0,4.3,,1407,1406,169.7573484170774,82154.18577926575,0.999289267945984
dish,-1.0,400.0,4.3999999999999995,,1402,1401,169.1540884724538,81862.0300688132,0.9992867332382311
dish,-1.0,400.0,4.5,,1397,1396,168.55082852783022,81569.8743583606,0.9992841803865423
dish,-1.0,400.0,4.6,,1392,1392,167.94756858320662,81336.14978999854,1.0
dish,-1.0,400.0,4.7,,1388,1387,167.46496062750776,81043.99407954597,0.9992795389048991
dish,-1.0,400.0,4.8,,1383,1382,166.86170068288413,80751.83836909337,0.9992769342010124
dish,-1.0,400.0,4.9,,1378,1377,166.2584407382606,80459.68265864078,0.9992743105950651
dish,-1.0,400.0,5.0,,1373,1372,165.655180793637,80167.52694818821,0.9992716678805534
dish,-1.0,400.0,5.1,,1368,1367,165.0519208490134,79875.37123773564,0.9992690058479531
dish,-1.0,400.0,5.2,,1364,1363,164.56931289331453,79641.64666937356,0.9992668621700878
dish,-1.0,400.0,5.3,,1359,1358,163.96605294869096,79349.49095892099,0.9992641648270786
dish,-1.0,400.0,5.4,,1354,1353,163.36279300406736,79057.33524846841,0.9992614475627769
dish,-1.0,400.0,5.5,,1349,1348,162.75953305944378,78765.17953801581,0.9992587101556706
dish,-1.0,400.0,5.6,,1344,1344,162.15627311482018,78531.45496965376,0.9999999999999999
dish,-1.0,400.0,5.7,,1340,1339,161.67366515912133,78239.29925920119,0.9992537313432835
dish,-1.0,400.0,5.8,,1335,1334,161.07040521449773,77947.1435487486,0.999250936329588
dish,-1.0,400.0,5.9,,1330,1329,160.46714526987415,77654.98783829602,0.9992481203007516
dish,-1.0,400.0,6.0,,1325,1325,159.86388532525055,77421.26326993394,0.9999999999999998
dish,-1.0,400.0,6.1,,1321,1320,159.38127736955167,77129.10755948137,0.9992429977289932
dish,-1.0,400.0,6.2,,1316,1315,158.7780174249281,76836.95184902879,0.999240121580547
dish,-1.0,400.0,6.3,,1311,1311,158.1747574803045,76603.22728066672,0.9999999999999999
dish,-1.0,400.0,6.4,,1307,1306,157.69214952460564,76311.07157021415,0.9992348890589134
dish,-1.0,400.0,6.5,,1302,1301,157.08888957998207,76018.91585976156,0.9992319508448538
dish,-1.0,400.0,6.6,,1297,1297,156.48562963535846,75785.19129139949,0.9999999999999998
dish,-1.0,400.0,6.7,,1293,1292,156.00302167965958,75493.0355809469,0.9992266047950501
dish,-1.0,400.0,6.8,,1288,1287,155.399761735036,75200.87987049435,0.9992236024844721
dish,-1.0,400.0,6.9,,1284,1283,154.91715377933713,74967.15530213228,0.9992211838006231
dish,-1.0,400.0,7.0,,1279,1278,154.31389383471358,74674.99959167968,0.999218139171227
dish,-1.0,400.0,7.1,,1275,1274,153.8312858790147,74441.27502331762,0.9992156862745095
dish,-1.0,400.0,7.2,,1270,1269,153.2280259343911,74149.11931286505,0.9992125984251968
dish,-1.0,400.0,7.3,,1265,1265,152.62476598976752,73915.39474450299,1.0
dish,-1.0,400.0,7.4,,1261,1260,152.14215803406864,73623.23903405039,0.9992069785884217
dish,-1.0,400.0,7.5,,1256,1256,151.53889808944507,73389.51446568833,0.9999999999999998
dish,-1.0,400.0,7.6,,1252,1251,151.0562901337462,73097.35875523575,0.9992012779552714
dish,-1.0,400.0,7.7,,1248,1247,150.5736821780473,72863.63418687369,0.999198717948718
dish,-1.0,400.0,7.8,,1243,1242,149.9704222334237,72571.4784764211,0.999195494770716
dish,-1.0,400.0,7.9,,1239,1238,149.48781427772485,72337.75390805905,0.9991928974979822
dish,-1.0,400.0,8.0,,1234,1233,148.88455433310125,72045.59819760646,0.9991896272285252
dish,-1.0,400.0,8.1,,1230,1229,148.40194637740237,71811.8736292444,0.9991869918699188
dish,-1.0,400.0,8.2,,1225,1225,147.79868643277882,71578.14906088234,0.9999999999999999
dish,-1.0,400.0,8.3,,1221,1220,147.31607847707994,71285.99335042975,0.9991809991809991
dish,-1.0,400.0,8.4,,1217,1216,146.8334705213811,71052.2687820677,0.9991783073130648
dish,-1.0,400.0,8.5,,1212,1212,146.2302105767575,70818.54421370561,0.9999999999999998
dish,-1.0,400.0,8.6,,1208,1207,145.7476026210586,70526.38850325304,0.9991721854304635
dish,-1.0,400.0,8.7,,1204,1203,145.26499466535975,70292.66393489097,0.9991694352159466
dish,-1.0,400.0,8.8,,1200,1199,144.78238670966087,70058.93936652891,0.9991666666666665
dish,-1.0,400.0,8.9,,1195,1194,144.17912676503727,69766.78365607632,0.999163179916318
dish,-1.0,400.0,9.0,,1191,1190,143.69651880933841,69533.05908771427,0.9991603694374475
dish,-1.0,400.0,9.1,,1187,1186,143.21391085363956,69299.33451935221,0.9991575400168492
dish,-1.0,400.0,9.2,,1183,1182,142.73130289794068,69065.60995099014,0.9991546914623838
dish,-1.0,400.0,9.3,,1178,1178,142.1280429533171,68831.88538262807,0.9999999999999998
dish,-1.0,400.0,9.4,,1174,1173,141.64543499761822,68539.72967217548,0.9991482112436114
dish,-1.0,400.0,9.5,,1170,1169,141.16282704191934,68306.00510381343,0.9991452991452991
dish,-1.0,400.0,9.6,,1166,1165,140.68021908622046,68072.28053545137,0.9991423670668956
dish,-1.0,400.0,9.700000000000001,,1162,1161,140.1976111305216,67838.5559670893,0.9991394148020654
dish,-1.0,400.0,9.8,,1158,1157,139.71500317482275,67604.83139872723,0.9991364421416232
dish,-1.0,400.0,9.9,,1154,1153,139.23239521912387,67371.10683036517,0.9991334488734835
dish,-1.0,400.0,10.0,,1150,1149,138.749787263425,67137.38226200311,0.9991304347826089
dish,-1.0,400.0,10.1,,1146,1145,138.26717930772614,66903.65769364104,0.9991273996509599
dish,-1.0,400.0,10.200000000000001,,1142,1141,137.78457135202729,66669.93312527896,0.9991243432574426
dish,-1.0,400.0,10.3,,1138,1137,137.3019633963284,66436.2085569169,0.9991212653778556
dish,-1.0,400.0,10.4,,1134,1133,136.81935544062952,66202.48398855484,0.9991181657848324
dish,-1.0,400.0,10.5,,1130,1129,136.33674748493067,65968.75942019279,0.9991150442477875
dish,-1.0,400.0,10.6,,1126,1125,135.85413952923182,65735.0348518307,0.9991119005328593
dish,-1.0,400.0,10.700000000000001,,1122,1121,135.37153157353293,65501.31028346864,0.9991087344028518
dish,-1.0,400.0,10.8,,1118,1117,134.88892361783405,65267.58571510659,0.9991055456171735
dish,-1.0,400.0,10.9,,1114,1113,134.40631566213517,65033.86114674452,0.9991023339317774
dish,-1.0,400.0,11.0,,1110,1109,133.9237077064363,64800.13657838245,0.9990990990990991
dish,-1.0,400.0,11.1,,1106,1105,133.44109975073744,64566.41201002039,0.9990958408679926
dish,-1.0,400.0,11.200000000000001,,1102,1101,132.95849179503855,64332.68744165833,0.9990925589836661
dish,-1.0,400.0,11.3,,1098,1098,132.4758838393397,64157.39401538677,0.9999999999999999
dish,-1.0,400.0,11.4,,1095,1094,132.11392787256554,63923.66944702471,0.9990867579908675
dish,-1.0,400.0,11.5,,1091,1090,131.6313199168667,63689.94487866265,0.999083409715857
dish,-1.0,400.0,11.6,,1087,1086,131.14871196116783,63456.22031030059,0.9990800367985279
dish,-1.0,400.0,11.700000000000001,,1083,1082,130.66610400546892,63222.49574193852,0.9990766389658358
dish,-1.0,400.0,11.8,,1080,1079,130.3041480386948,63047.20231566697,0.999074074074074
dish,-1.0,400.0,11.9,,1076,1075,129.8215400829959,62813.477747304896,0.9990706319702601
dish,-1.0,400.0,12.0,,1072,1071,129.33893212729706,62579.75317894283,0.9990671641791041
dish,-1.0,400.0,12.1,,1068,1068,128.8563241715982,62404.45975267129,0.9999999999999998
dish,-1.0,400.0,12.200000000000001,,1065,1064,128.494368204824,62170.735184309226,0.9990610328638498
dish,-1.0,400.0,12.3,,1061,1060,128.01176024912516,61937.01061594717,0.9990574929311969
dish,-1.0,400.0,12.4,,1057,1057,127.52915229342629,61761.71718967561,0.9999999999999999
dish,-1.0,400.0,12.5,,1054,1053,127.16719632665213,61527.99262131355,0.9990512333965843
dish,-1.0,400.0,12.6,,1050,1049,126.68458837095326,61294.268052951484,0.999047619047619
dish,-1.0,400.0,12.700000000000001,,1047,1046,126.32263240417912,61118.97462667993,0.9990448901623684
dish,-1.0,400.0,12.8,,1043,1042,125.84002444848025,60885.25005831787,0.9990412272291466
dish,-1.0,400.0,12.9,,1040,1039,125.47806848170609,60709.95663204632,0.9990384615384614
dish,-1.0,400.0,13.0,,1036,1035,124.99546052600721,60476.23206368426,0.9990347490347492
dish,-1.0,400.0,13.1,,1032,1032,124.51285257030835,60300.938637412706,0.9999999999999999
dish,-1.0,400.0,13.200000000000001,,1029,1028,124.15089660353422,60067.21406905064,0.9990281827016518
dish,-1.0,400.0,13.3,,1025,1025,123.66828864783534,59891.9206427791,0.9999999999999999
dish,-1.0,400.0,13.4,,1022,1021,123.30633268106119,59658.19607441702,0.9990215264187864
dish,-1.0,400.0,13.5,,1019,1018,122.944376714287,59482.902648145486,0.9990186457311091
dish,-1.0,400.0,13.6,,1015,1014,122.46176875858815,59249.17807978342,0.9990147783251233
dish,-1.0,400.0,13.700000000000001,,1012,1011,122.09981279181402,59073.884653511865,0.9990118577075097
dish,-1.0,400.0,13.8,,1008,1007,121.61720483611514,58840.1600851498,0.9990079365079364
dish,-1.0,400.0,13.9,,1005,1004,121.25524886934099,58664.86665887826,0.999004975124378
dish,-1.0,400.0,14.0,,1002,1001,120.89329290256684,58489.57323260671,0.9990019960079839
dish,-1.0,400.0,14.1,,998,997,120.41068494686797,58255.848664244644,0.9989979959919838
dish,-1.0,400.0,14.200000000000001,,995,994,120.04872898009381,58080.555237973094,0.9989949748743717
dish,-1.0,400.0,14.3,,991,991,119.56612102439493,57905.261811701545,1.0
dish,-1.0,400.0,14.4,,988,987,119.20416505762078,57671.53724333948,0.9989878542510121
dish,-1.0,400.0,14.5,,985,984,118.84220909084664,57496.24381706792,0.9989847715736039
dish,-1.0,400.0,14.6,,982,981,118.48025312407248,57320.95039079639,0.9989816700610998
dish,-1.0,400.0,14.700000000000001,,978,977,117.99764516837361,57087.22582243432,0.9989775051124744
dish,-1.0,400.0,14.8,,975,974,117.63568920159946,56911.93239616277,0.9989743589743588
dish,-1.0,400.0,14.9,,972,971,117.2737332348253,56736.638969891224,0.9989711934156379
dish,-1.0,400.0,15.0,,969,968,116.91177726805117,56561.34554361967,0.9989680082559337
dish,-1.0,400.0,15.1,,965,965,116.42916931235229,56386.05211734813,1.0000000000000002
dish,-1.0,400.0,15.200000000000001,,962,961,116.06721334557814,56152.32754898605,0.9989604989604988
dish,-1.0,400.0,15.3,,959,958,115.70525737880398,55977.03412271451,0.9989572471324296
dish,-1.0,400.0,15.4,,956,955,115.34330141202983,55801.74069644296,0.9989539748953974
dish,-1.0,400.0,15.5,,953,952,114.98134544525567,55626.44727017141,0.9989506820566632
dish,-1.0,400.0,15.6,,950,949,114.61938947848154,55451.15384389986,0.9989473684210524
dish,-1.0,400.0,15.700000000000001,,947,946,114.25743351170738,55275.86041762832,0.9989440337909187
dish,-1.0,400.0,15.8,,943,943,113.77482555600851,55100.56699135676,0.9999999999999998
dish,-1.0,400.0,15.9,,940,940,113.41286958923436,54925.27356508523,1.0
dish,-1.0,400.0,16.0,,937,936,113.0509136224602,54691.548996723155,0.9989327641408751
dish,-1.0,400.0,16.1,,934,933,112.68895765568607,54516.255570451605,0.9989293361884366
dish,-1.0,400.0,16.200000000000003,,931,930,112.3270016889119,54340.96214418006,0.9989258861439312
dish,-1.0,400.0,16.3,,928,927,111.96504572213775,54165.668717908506,0.9989224137931032
dish,-1.0,400.0,16.400000000000002,,925,924,111.6030897553636,53990.37529163696,0.9989189189189188
dish,-1.0,400.0,16.500000000000004,,922,921,111.24113378858944,53815.08186536541,0.9989154013015185
dish,-1.0,400.0,16.6,,919,918,110.8791778218153,53639.788439093856,0.9989118607181715
dish,-1.0,400.0,16.700000000000003,,916,915,110.51722185504113,53464.49501282231,0.9989082969432315
dish,-1.0,400.0,16.8,,913,912,110.15526588826698,53289.201586550764,0.9989047097480831
dish,-1.0,400.0,16.900000000000002,,910,910,109.79330992149282,53172.33930236973,0.9999999999999999
dish,-1.0,400.0,17.000000000000004,,908,907,109.5520059436434,52997.045876098186,0.9988986784140969
dish,-1.0,400.0,17.1,,905,904,109.19004997686923,52821.752449826636,0.9988950276243095
dish,-1.0,400.0,17.200000000000003,,902,901,108.8280940100951,52646.459023555086,0.9988913525498889
dish,-1.0,400.0,17.3,,899,898,108.46613804332094,52471.16559728354,0.9988876529477196
dish,-1.0,400.0,17.400000000000002,,896,895,108.1041820765468,52295.87217101199,0.9988839285714284
dish,-1.0,400.0,17.500000000000004,,893,892,107.74222610977264,52120.578744740444,0.9988801791713324
dish,-1.0,400.0,17.6,,890,889,107.3802701429985,51945.285318468894,0.9988764044943819
dish,-1.0,400.0,17.700000000000003,,887,887,107.01831417622432,51828.42303428786,1.0
dish,-1.0,400.0,17.8,,885,884,106.7770101983749,51653.12960801631,0.998870056497175
dish,-1.0,400.0,17.900000000000002,,882,881,106.41505423160073,51477.836181744766,0.9988662131519275
dish,-1.0,400.0,18.000000000000004,,879,878,106.05309826482659,51302.542755473216,0.9988623435722412
dish,-1.0,400.0,18.1,,876,875,105.69114229805244,51127.249329201666,0.9988584474885844
dish,-1.0,400.0,18.200000000000003,,874,873,105.44983832020301,51010.38704502064,0.9988558352402744
dish,-1.0,400.0,18.3,,871,870,105.08788235342885,50835.09361874909,0.9988518943742825
dish,-1.0,400.0,18.400000000000002,,868,867,104.7259263866547,50659.80019247754,0.998847926267281
dish,-1.0,400.0,18.500000000000004,,865,864,104.36397041988054,50484.50676620599,0.9988439306358381
dish,-1.0,400.0,18.6,,863,862,104.12266644203112,50367.64448202496,0.9988412514484357
dish,-1.0,400.0,18.700000000000003,,860,859,103.76071047525696,50192.35105575341,0.9988372093023256
dish,-1.0,400.0,18.8,,857,856,103.39875450848281,50017.05762948185,0.9988331388564758
dish,-1.0,400.0,18.900000000000002,,855,854,103.15745053063338,49900.195345300825,0.998830409356725
dish,-1.0,400.0,19.000000000000004,,852,851,102.79549456385922,49724.901919029275,0.998826291079812
dish,-1.0,400.0,19.1,,849,848,102.43353859708508,49549.608492757725,0.9988221436984686
dish,-1.0,400.0,19.200000000000003,,847,846,102.19223461923563,49432.7462085767,0.9988193624557261
dish,-1.0,400.0,19.300000000000004,,844,843,101.83027865246149,49257.45278230515,0.9988151658767771
dish,-1.0,400.0,19.400000000000002,,842,841,101.58897467461205,49140.59049812412,0.998812351543943
dish,-1.0,400.0,19.500000000000004,,839,838,101.2270187078379,48965.29707185257,0.99880810488677
dish,-1.0,400.0,19.6,,836,835,100.86506274106374,48790.00364558102,0.9988038277511961
dish,-1.0,400.0,19.700000000000003,,834,833,100.62375876321431,48673.14136139999,0.9988009592326139
dish,-1.0,400.0,19.800000000000004,,831,830,100.26180279644016,48497.84793512844,0.9987966305655834
dish,-1.0,400.0,19.900000000000002,,829,828,100.02049881859074,48380.985650947405,0.9987937273823881
dish,-1.0,400.0,20.000000000000004,,826,825,99.65854285181658,48205.692224675855,0.9987893462469732
dish,-1.0,400.0,20.1,,824,823,99.41723887396712,48088.82994049482,0.9987864077669902
dish,-1.0,400.0,20.200000000000003,,821,820,99.05528290719299,47913.53651422328,0.9987819732034103
dish,-1.0,400.0,20.300000000000004,,819,818,98.81397892934353,47796.67423004224,0.9987789987789988
dish,-1.0,400.0,20.400000000000002,,816,815,98.4520229625694,47621.38080377069,0.9987745098039214
dish,-1.0,400.0,20.500000000000004,,814,813,98.21071898471996,47504.51851958966,0.9987714987714987
dish,-1.0,400.0,20.6,,811,810,97.84876301794581,47329.22509331811,0.9987669543773119
dish,-1.0,400.0,20.700000000000003,,809,808,97.60745904009637,47212.36280913708,0.9987639060568602
dish,-1.0,400.0,20.800000000000004,,806,805,97.24550307332223,47037.069382865535,0.998759305210918
dish,-1.0,400.0,20.900000000000002,,804,803,97.0041990954728,46920.20709868451,0.9987562189054725
dish,-1.0,400.0,21.000000000000004,,802,801,96.76289511762336,46803.34481450347,0.9987531172069825
dish,-1.0,400.0,21.1,,799,798,96.40093915084921,46628.051388231914,0.9987484355444303
dish,-1.0,400.0,21.200000000000003,,797,796,96.15963517299977,46511.189104050885,0.9987452948557087
dish,-1.0,400.0,21.300000000000004,,794,793,95.79767920622561,46335.895677779336,0.9987405541561711
dish,-1.0,400.0,21.400000000000002,,792,791,95.55637522837618,46219.0333935983,0.9987373737373735
dish,-1.0,400.0,21.500000000000004,,790,789,95.31507125052674,46102.17110941727,0.9987341772151898
dish,-1.0,400.0,21.6,,787,786,94.9531152837526,45926.87768314573,0.9987293519695044
dish,-1.0,400.0,21.700000000000003,,785,784,94.71181130590315,45810.015398964686,0.9987261146496813
dish,-1.0,400.0,21.800000000000004,,783,782,94.47050732805373,45693.15311478366,0.998722860791826
dish,-1.0,400.0,21.900000000000002,,780,779,94.10855136127957,45517.859688512115,0.9987179487179487
dish,-1.0,400.0,22.000000000000004,,778,777,93.86724738343014,45400.99740433109,0.9987146529562981
dish,-1.0,400.0,22.1,,776,775,93.62594340558071,45284.135120150044,0.9987113402061852
dish,-1.0,400.0,22.200000000000003,,773,773,93.26398743880655,45167.272835969015,0.9999999999999999
dish,-1.0,400.0,22.300000000000004,,771,770,93.02268346095713,44991.97940969747,0.9987029831387807
dish,-1.0,400.0,22.400000000000002,,769,768,92.78137948310768,44875.11712551644,0.9986996098829648
dish,-1.0,400.0,22.500000000000004,,767,766,92.54007550525823,44758.254841335394,0.998696219035202
dish,-1.0,400.0,22.6,,764,764,92.1781195384841,44641.392557154366,0.9999999999999998
dish,-1.0,400.0,22.700000000000003,,762,761,91.93681556063464,44466.09913088282,0.9986876640419948
dish,-1.0,400.0,22.800000000000004,,760,759,91.69551158278522,44349.23684670179,0.9986842105263157
dish,-1.0,400.0,22.900000000000002,,758,757,91.45420760493579,44232.37456252075,0.9986807387862795
dish,-1.0,400.0,23.000000000000004,,756,755,91.21290362708635,44115.512278339724,0.9986772486772486
dish,-1.0,400.0,23.1,,753,752,90.8509476603122,43940.21885206818,0.99867197875166
dish,-1.0,400.0,23.200000000000003,,751,750,90.60964368246276,43823.35656788714,0.9986684420772302
dish,-1.0,400.0,23.300000000000004,,749,748,90.36833970461333,43706.49428370611,0.9986648865153536
dish,-1.0,400.0,23.400000000000002,,747,746,90.1270357267639,43589.63199952508,0.9986613119143238
dish,-1.0,400.0,23.500000000000004,,745,744,89.88573174891447,43472.769715344046,0.9986577181208052
dish,-1.0,400.0,23.6,,743,742,89.64442777106504,43355.90743116301,0.9986541049798112
dish,-1.0,400.0,23.700000000000003,,741,740,89.40312379321558,43239.04514698198,0.9986504723346828
dish,-1.0,400.0,23.800000000000004,,738,737,89.04116782644145,43063.75172071043,0.9986449864498642
dish,-1.0,400.0,23.900000000000002,,736,735,88.799863848592,42946.889436529396,0.9986413043478259
dish,-1.0,400.0,24.000000000000004,,734,733,88.55855987074256,42830.02715234836,0.9986376021798364
dish,-1.0,400.0,24.1,,732,731,88.31725589289313,42713.16486816733,0.9986338797814207
dish,-1.0,400.0,24.200000000000003,,730,729,88.0759519150437,42596.302583986304,0.9986301369863013
dish,-1.0,400.0,24.300000000000004,,728,727,87.83464793719426,42479.44029980527,0.9986263736263735
dish,-1.0,400.0,24.400000000000002,,726,725,87.59334395934484,42362.57801562423,0.9986225895316803
dish,-1.0,400.0,24.500000000000004,,724,723,87.35203998149541,42245.715731443204,0.9986187845303865
dish,-1.0,400.0,24.6,,722,721,87.11073600364595,42128.853447262176,0.9986149584487535
dish,-1.0,400.0,24.700000000000003,,720,719,86.86943202579653,42011.99116308114,0.9986111111111109
dish,-1.0,400.0,24.800000000000004,,718,717,86.6281280479471,41895.12887890011,0.9986072423398327
dish,-1.0,400.0,24.900000000000002,,716,715,86.38682407009766,41778.266594719076,0.9986033519553071
dish,-1.0,400.0,25.000000000000004,,714,713,86.14552009224823,41661.40431053805,0.9985994397759101
dish,-1.0,400.0,25.1,,712,711,85.90421611439878,41544.54202635701,0.9985955056179775
dish,-1.0,400.0,25.200000000000003,,710,709,85.66291213654935,41427.679742175984,0.9985915492957746
dish,-1.0,400.0,25.300000000000004,,708,707,85.42160815869993,41310.81745799494,0.9985875706214685
dish,-1.0,400.0,25.400000000000002,,706,705,85.18030418085048,41193.95517381391,0.998583569405099
dish,-1.0,400.0,25.500000000000004,,704,703,84.93900020300104,41077.09288963288,0.9985795454545453
dish,-1.0,400.0,25.6,,702,701,84.69769622515162,40960.23060545185,0.9985754985754984
dish,-1.0,400.0,25.700000000000003,,700,699,84.45639224730219,40843.36832127081,0.9985714285714283
dish,-1.0,400.0,25.800000000000004,,698,697,84.21508826945274,40726.506037089785,0.998567335243553
dish,-1.0,400.0,25.900000000000002,,696,695,83.97378429160331,40609.64375290875,0.9985632183908044
dish,-1.0,400.0,26.000000000000004,,694,693,83.73248031375388,40492.78146872772,0.9985590778097981
dish,-1.0,400.0,26.1,,692,691,83.49117633590444,40375.919184546685,0.9985549132947975
dish,-1.0,400.0,26.200000000000003,,690,689,83.249872358055,40259.05690036566,0.9985507246376811
dish,-1.0,400.0,26.300000000000004,,688,688,83.00856838020557,40200.62575827514,0.9999999999999999
dish,-1.0,400.0,26.400000000000002,,687,686,82.88791639128085,40083.76347409411,0.9985443959243084
dish,-1.0,400.0,26.500000000000004,,685,684,82.64661241343141,39966.90118991308,0.9985401459854015
dish,-1.0,400.0,26.6,,683,682,82.40530843558199,39850.03890573204,0.9985358711566616
dish,-1.0,400.0,26.700000000000003,,681,680,82.16400445773256,39733.176621551014,0.9985315712187958
dish,-1.0,400.0,26.800000000000004,,679,678,81.92270047988312,39616.31433736998,0.9985272459499263
dish,-1.0,400.0,26.900000000000002,,677,676,81.68139650203368,39499.45205318894,0.9985228951255538
dish,-1.0,400.0,27.000000000000004,,675,675,81.44009252418424,39441.02091109843,1.0
dish,-1.0,400.0,27.1,,674,673,81.31944053525952,39324.15862691739,0.9985163204747775
dish,-1.0,400.0,27.200000000000003,,672,671,81.07813655741009,39207.29634273636,0.9985119047619045
dish,-1.0,400.0,27.300000000000004,,670,669,80.83683257956066,39090.43405855533,0.9985074626865669
dish,-1.0,400.0,27.400000000000002,,668,667,80.59552860171122,38973.5717743743,0.998502994011976
dish,-1.0,400.0,27.500000000000004,,666,666,80.35422462386178,38915.14063228379,1.0000000000000002
dish,-1.0,400.0,27.6,,665,664,80.23357263493708,38798.27834810275,0.9984962406015035
dish,-1.0,400.0,27.700000000000003,,663,662,79.99226865708764,38681.416063921715,0.9984917043740572
dish,-1.0,400.0,27.800000000000004,,661,660,79.7509646792382,38564.55377974069,0.9984871406959153
dish,-1.0,400.0,27.900000000000002,,659,658,79.50966070138877,38447.69149555966,0.9984825493171472
dish,-1.0,400.0,28.000000000000004,,658,657,79.38900871246405,38389.26035346914,0.9984802431610942
dish,-1.0,400.0,28.1,,656,655,79.1477047346146,38272.3980692881,0.9984756097560974
dish,-1.0,400.0,28.200000000000003,,654,653,78.90640075676518,38155.53578510707,0.9984709480122324
dish,-1.0,400.0,28.300000000000004,,652,651,78.66509677891575,38038.673500926045,0.9984662576687116
dish,-1.0,400.0,28.400000000000002,,651,650,78.54444478999103,37980.24235883553,0.9984639016897081
dish,-1.0,400.0,28.500000000000004,,649,648,78.3031408121416,37863.380074654495,0.9984591679506932
dish,-1.0,400.0,28.6,,647,646,78.06183683429215,37746.51779047345,0.9984544049459039
dish,-1.0,400.0,28.700000000000003,,646,645,77.94118484536743,37688.08664838294,0.9984520123839008
dish,-1.0,400.0,28.800000000000004,,644,643,77.699880867518,37571.22436420191,0.998447204968944
dish,-1.0,400.0,28.900000000000002,,642,641,77.45857688966856,37454.36208002088,0.9984423676012462
dish,-1.0,400.0,29.000000000000004,,640,640,77.21727291181914,37395.93093793036,0.9999999999999998
dish,-1.0,400.0,29.1,,639,638,77.09662092289442,37279.068653749324,0.9984350547730827
dish,-1.0,400.0,29.200000000000003,,637,636,76.85531694504498,37162.206369568295,0.9984301412872841
dish,-1.0,400.0,29.300000000000004,,635,635,76.61401296719555,37103.77522747778,0.9999999999999999
dish,-1.0,400.0,29.400000000000002,,634,633,76.49336097827083,36986.91294329675,0.9984227129337541
dish,-1.0,400.0,29.500000000000004,,632,631,76.2520570004214,36870.05065911571,0.998417721518987
dish,-1.0,400.0,29.6,,631,630,76.13140501149668,36811.619517025196,0.998415213946117
dish,-1.0,400.0,29.700000000000003,,629,628,75.89010103364724,36694.75723284417,0.9984101748807631
dish,-1.0,400.0,29.800000000000004,,627,626,75.64879705579781,36577.89494866314,0.9984051036682615
dish,-1.0,400.0,29.900000000000002,,626,625,75.5281450668731,36519.463806572625,0.9984025559105432
dish,-1.0,800.0,0.1,,836,835,35.66118492450637,17249.871215953357,0.9988038277511961
dish,-1.0,800.0,0.2,,835,834,35.61852800474021,17229.212687551015,0.9988023952095807
dish,-1.0,800.0,0.30000000000000004,,834,833,35.57587108497406,17208.554159148676,0.9988009592326138
dish,-1.0,800.0,0.4,,833,832,35.53321416520791,17187.89563074634,0.9987995198079231
dish,-1.0,800.0,0.5,,832,831,35.49055724544175,17167.237102344,0.9987980769230769
dish,-1.0,800.0,0.6,,831,830,35.4479003256756,17146.57857394166,0.9987966305655834
dish,-1.0,800.0,0.7000000000000001,,830,829,35.40524340590944,17125.92004553932,0.9987951807228913
dish,-1.0,800.0,0.8,,829,828,35.36258648614328,17105.26151713698,0.9987937273823884
dish,-1.0,800.0,0.9,,828,827,35.31992956637713,17084.602988734645,0.9987922705314011
dish,-1.0,800.0,1.0,,827,826,35.277272646610975,17063.9444603323,0.9987908101571943
dish,-1.0,800.0,1.1,,826,825,35.23461572684481,17043.28593192996,0.9987893462469734
dish,-1.0,800.0,1.2000000000000002,,824,824,35.149301887312504,17022.627403527622,0.9999999999999998
dish,-1.0,800.0,1.3000000000000003,,823,822,35.106644967546345,16981.310346722945,0.9987849331713244
dish,-1.0,800.0,1.4000000000000001,,822,821,35.063988047780185,16960.651818320603,0.9987834549878345
dish,-1.0,800.0,1.5000000000000002,,821,820,35.02133112801403,16939.993289918264,0.9987819732034102
dish,-1.0,800.0,1.6,,819,819,34.93601728848172,16919.33476151593,1.0000000000000002
dish,-1.0,800.0,1.7000000000000002,,818,817,34.89336036871557,16878.01770471125,0.9987775061124692
dish,-1.0,800.0,1.8000000000000003,,817,816,34.85070344894941,16857.359176308906,0.9987760097919214
dish,-1.0,800.0,1.9000000000000001,,816,815,34.80804652918325,16836.70064790657,0.9987745098039217
dish,-1.0,800.0,2.0,,814,813,34.72273268965095,16795.38359110189,0.9987714987714986
dish,-1.0,800.0,2.1,,813,812,34.68007576988479,16774.72506269955,0.9987699876998767
dish,-1.0,800.0,2.2,,812,811,34.63741885011863,16754.06653429721,0.9987684729064038
dish,-1.0,800.0,2.3000000000000003,,810,809,34.55210501058632,16712.749477492533,0.9987654320987654
dish,-1.0,800.0,2.4000000000000004,,809,808,34.50944809082016,16692.090949090194,0.9987639060568604
dish,-1.0,800.0,2.5000000000000004,,807,807,34.424134251287846,16671.432420687852,0.9999999999999999
dish,-1.0,800.0,2.6,,806,805,34.381477331521694,16630.115363883175,0.998759305210918
dish,-1.0,800.0,2.7,,805,804,34.33882041175554,16609.456835480836,0.998757763975155
dish,-1.0,800.0,2.8000000000000003,,803,802,34.25350657222323,16568.13977867616,0.9987546699875466
dish,-1.0,800.0,2.9000000000000004,,802,801,34.21084965245707,16547.48125027382,0.9987531172069826
dish,-1.0,800.0,3.0000000000000004,,800,799,34.12553581292476,16506.16419346914,0.9987499999999999
dish,-1.0,800.0,3.1,,799,798,34.08287889315861,16485.505665066798,0.9987484355444302
dish,-1.0,800.0,3.2,,798,797,34.04022197339244,16464.84713666446,0.9987468671679198
dish,-1.0,800.0,3.3000000000000003,,796,795,33.95490813386014,16423.530079859782,0.9987437185929646
dish,-1.0,800.0,3.4000000000000004,,795,794,33.91225121409398,16402.87155145744,0.9987421383647797
dish,-1.0,800.0,3.5000000000000004,,793,792,33.826937374561666,16361.554494652766,0.9987389659520808
dish,-1.0,800.0,3.6,,792,791,33.784280454795514,16340.895966250424,0.9987373737373735
dish,-1.0,800.0,3.7,,790,789,33.6989666152632,16299.578909445745,0.9987341772151896
dish,-1.0,800.0,3.8000000000000003,,789,788,33.65630969549704,16278.920381043406,0.9987325728770594
dish,-1.0,800.0,3.9000000000000004,,787,786,33.57099585596473,16237.603324238728,0.9987293519695043
dish,-1.0,800.0,4.0,,786,785,33.52833893619858,16216.944795836387,0.9987277353689564
dish,-1.0,800.0,4.1,,784,783,33.44302509666626,16175.627739031708,0.9987244897959182
dish,-1.0,800.0,4.2,,783,782,33.40036817690011,16154.96921062937,0.998722860791826
dish,-1.0,800.0,4.3,,781,780,33.3150543373678,16113.65215382469,0.9987195902688858
dish,-1.0,800.0,4.3999999999999995,,780,779,33.27239741760164,16092.993625422354,0.9987179487179487
dish,-1.0,800.0,4.5,,778,777,33.18708357806933,16051.676568617675,0.9987146529562981
dish,-1.0,800.0,4.6,,777,776,33.144426658303175,16031.018040215336,0.9987129987129987
dish,-1.0,800.0,4.7,,775,774,33.05911281877086,15989.700983410657,0.9987096774193547
dish,-1.0,800.0,4.8,,774,773,33.016455899004704,15969.042455008315,0.9987080103359172
dish,-1.0,800.0,4.9,,772,771,32.9311420594724,15927.725398203636,0.9987046632124348
dish,-1.0,800.0,5.0,,771,770,32.88848513970623,15907.066869801296,0.9987029831387806
dish,-1.0,800.0,5.1,,769,768,32.80317130017392,15865.74981299662,0.9986996098829649
dish,-1.0,800.0,5.2,,768,767,32.76051438040777,15845.091284594278,0.9986979166666664
dish,-1.0,800.0,5.3,,766,765,32.67520054087545,15803.7742277896,0.9986945169712793
dish,-1.0,800.0,5.4,,765,764,32.6325436211093,15783.115699387263,0.9986928104575162
dish,-1.0,800.0,5.5,,763,762,32.54722978157699,15741.798642582584,0.9986893840104849
dish,-1.0,800.0,5.6,,762,761,32.504572861810836,15721.140114180245,0.9986876640419946
dish,-1.0,800.0,5.7,,760,759,32.419259022278524,15679.823057375566,0.9986842105263156
dish,-1.0,800.0,5.8,,759,758,32.376602102512365,15659.164528973228,0.9986824769433464
dish,-1.0,800.0,5.9,,757,756,32.291288262980046,15617.847472168545,0.9986789960369881
dish,-1.0,800.0,6.0,,756,755,32.248631343213894,15597.188943766208,0.9986772486772487
dish,-1.0,800.0,6.1,,754,753,32.16331750368158,15555.87188696153,0.9986737400530503
dish,-1.0,800.0,6.2,,753,752,32.12066058391543,15535.213358559191,0.9986719787516599
dish,-1.0,800.0,6.3,,751,750,32.03534674438311,15493.896301754512,0.9986684420772304
dish,-1.0,800.0,6.4,,750,749,31.992689824616964,15473.237773352172,0.9986666666666665
dish,-1.0,800.0,6.5,,748,747,31.90737598508465,15431.920716547495,0.9986631016042781
dish,-1.0,800.0,6.6,,747,746,31.864719065318496,15411.262188145154,0.9986613119143237
dish,-1.0,800.0,6.7,,745,744,31.77940522578618,15369.945131340473,0.9986577181208051
dish,-1.0,800.0,6.8,,744,743,31.736748306020022,15349.286602938133,0.9986559139784945
dish,-1.0,800.0,6.9,,742,741,31.65143446648771,15307.969546133456,0.9986522911051212
dish,-1.0,800.0,7.0,,741,740,31.608777546721555,15287.311017731117,0.9986504723346828
dish,-1.0,800.0,7.1,,739,738,31.523463707189244,15245.99396092644,0.9986468200270636
dish,-1.0,800.0,7.2,,738,737,31.480806787423088,15225.3354325241,0.9986449864498644
dish,-1.0,800.0,7.3,,736,735,31.395492947890776,15184.01837571942,0.9986413043478259
dish,-1.0,800.0,7.4,,735,734,31.352836028124624,15163.359847317082,0.9986394557823127
dish,-1.0,800.0,7.5,,733,732,31.26752218859231,15122.042790512403,0.9986357435197817
dish,-1.0,800.0,7.6,,732,731,31.224865268826157,15101.384262110065,0.9986338797814207
dish,-1.0,800.0,7.7,,730,729,31.13955142929384,15060.067205305384,0.9986301369863013
dish,-1.0,800.0,7.8,,728,728,31.05423758976153,15039.408676903044,0.9999999999999998
dish,-1.0,800.0,7.9,,727,726,31.01158066999537,14998.091620098367,0.998624484181568
dish,-1.0,800.0,8.0,,725,725,30.926266830463064,14977.433091696028,0.9999999999999999
dish,-1.0,800.0,8.1,,724,723,30.883609910696904,14936.116034891349,0.9986187845303868
dish,-1.0,800.0,8.2,,722,722,30.798296071164597,14915.45750648901,0.9999999999999999
dish,-1.0,800.0,8.3,,721,720,30.75563915139844,14874.140449684332,0.9986130374479888
dish,-1.0,800.0,8.4,,719,719,30.67032531186613,14853.481921281991,0.9999999999999998
dish,-1.0,800.0,8.5,,718,717,30.627668392099974,14812.164864477314,0.9986072423398327
dish,-1.0,800.0,8.6,,716,716,30.542354552567655,14791.506336074972,0.9999999999999999
dish,-1.0,800.0,8.7,,715,714,30.499697632801503,14750.189279270295,0.9986013986013985
dish,-1.0,800.0,8.8,,713,713,30.41438379326919,14729.530750867954,0.9999999999999998
dish,-1.0,800.0,8.9,,712,711,30.371726873503036,14688.213694063275,0.9985955056179773
dish,-1.0,800.0,9.0,,710,710,30.286413033970724,14667.555165660939,1.0
dish,-1.0,800.0,9.1,,709,708,30.24375611420457,14626.23810885626,0.9985895627644569
dish,-1.0,800.0,9.2,,708,707,30.20109919443841,14605.57958045392,0.998587570621469
dish,-1.0,800.0,9.3,,706,705,30.1157853549061,14564.262523649242,0.9985835694050991
dish,-1.0,800.0,9.4,,705,704,30.073128435139946,14543.603995246902,0.9985815602836878
dish,-1.0,800.0,9.5,,703,702,29.98781459560763,14502.286938442221,0.9985775248933142
dish,-1.0,800.0,9.6,,702,701,29.94515767584147,14481.628410039883,0.9985754985754985
dish,-1.0,800.0,9.700000000000001,,700,699,29.859843836309164,14440.311353235204,0.9985714285714284
dish,-1.0,800.0,9.8,,699,698,29.817186916543005,14419.652824832865,0.9985693848354793
dish,-1.0,800.0,9.9,,697,696,29.731873077010697,14378.335768028186,0.9985652797704446
dish,-1.0,800.0,10.0,,696,695,29.68921615724454,14357.677239625848,0.9985632183908044
dish,-1.0,800.0,10.1,,694,693,29.60390231771223,14316.360182821169,0.9985590778097981
dish,-1.0,800.0,10.200000000000001,,693,692,29.561245397946074,14295.70165441883,0.9985569985569984
dish,-1.0,800.0,10.3,,691,690,29.475931558413762,14254.384597614153,0.9985528219971056
dish,-1.0,800.0,10.4,,690,689,29.433274638647607,14233.726069211809,0.9985507246376808
dish,-1.0,800.0,10.5,,688,687,29.34796079911529,14192.409012407132,0.9985465116279069
dish,-1.0,800.0,10.6,,687,686,29.305303879349136,14171.750484004793,0.9985443959243085
dish,-1.0,800.0,10.700000000000001,,685,685,29.219990039816825,14151.091955602453,0.9999999999999999
dish,-1.0,800.0,10.8,,684,683,29.17733312005067,14109.774898797774,0.9985380116959063
dish,-1.0,800.0,10.9,,683,682,29.13467620028451,14089.116370395437,0.9985358711566619
dish,-1.0,800.0,11.0,,681,680,29.049362360752202,14047.799313590756,0.9985315712187958
dish,-1.0,800.0,11.1,,680,679,29.006705440986046,14027.140785188418,0.9985294117647057
dish,-1.0,800.0,11.200000000000001,,678,677,28.921391601453735,13985.82372838374,0.9985250737463126
dish,-1.0,800.0,11.3,,677,676,28.87873468168758,13965.1651999814,0.9985228951255538
dish,-1.0,800.0,11.4,,675,674,28.793420842155264,13923.84814317672,0.9985185185185184
dish,-1.0,800.0,11.5,,674,673,28.750763922389105,13903.189614774381,0.9985163204747776
dish,-1.0,800.0,11.6,,673,672,28.70810700262295,13882.53108637204,0.9985141158989598
dish,-1.0,800.0,11.700000000000001,,671,670,28.62279316309064,13841.214029567363,0.9985096870342771
dish,-1.0,800.0,11.8,,670,669,28.580136243324482,13820.555501165025,0.9985074626865672
dish,-1.0,800.0,11.9,,668,667,28.494822403792174,13779.238444360344,0.9985029940119758
dish,-1.0,800.0,12.0,,667,666,28.452165484026022,13758.579915958007,0.9985007496251872
dish,-1.0,800.0,12.1,,665,664,28.366851644493707,13717.262859153328,0.9984962406015037
dish,-1.0,800.0,12.200000000000001,,664,663,28.324194724727555,13696.604330750988,0.9984939759036142
dish,-1.0,800.0,12.3,,663,662,28.281537804961395,13675.945802348648,0.998491704374057
dish,-1.0,800.0,12.4,,661,660,28.196223965429077,13634.628745543969,0.9984871406959153
dish,-1.0,800.0,12.5,,660,659,28.153567045662925,13613.97021714163,0.9984848484848483
dish,-1.0,800.0,12.6,,658,657,28.06825320613061,13572.653160336951,0.9984802431610942
dish,-1.0,800.0,12.700000000000001,,657,656,28.025596286364458,13551.994631934613,0.9984779299847792
dish,-1.0,800.0,12.8,,656,655,27.982939366598302,13531.336103532272,0.9984756097560974
dish,-1.0,800.0,12.9,,654,653,27.89762552706599,13490.019046727595,0.9984709480122324
dish,-1.0,800.0,13.0,,653,652,27.854968607299835,13469.360518325255,0.9984686064318529
dish,-1.0,800.0,13.1,,651,651,27.76965476776752,13448.701989922916,1.0
dish,-1.0,800.0,13.200000000000001,,650,649,27.726997848001364,13407.384933118237,0.9984615384615384
dish,-1.0,800.0,13.3,,649,648,27.684340928235212,13386.726404715897,0.9984591679506932
dish,-1.0,800.0,13.4,,647,646,27.599027088702897,13345.40934791122,0.9984544049459042
dish,-1.0,800.0,13.5,,646,645,27.556370168936745,13324.75081950888,0.9984520123839007
dish,-1.0,800.0,13.6,,645,644,27.513713249170582,13304.092291106539,0.9984496124031007
dish,-1.0,800.0,13.700000000000001,,643,642,27.428399409638274,13262.775234301862,0.9984447900466563
dish,-1.0,800.0,13.8,,642,641,27.385742489872122,13242.116705899523,0.9984423676012459
dish,-1.0,800.0,13.9,,640,640,27.300428650339807,13221.458177497183,0.9999999999999999
dish,-1.0,800.0,14.0,,639,638,27.257771730573655,13180.141120692504,0.9984350547730827
dish,-1.0,800.0,14.1,,638,637,27.215114810807492,13159.482592290164,0.9984326018808777
dish,-1.0,800.0,14.200000000000001,,636,635,27.129800971275184,13118.165535485487,0.9984276729559747
dish,-1.0,800.0,14.3,,635,634,27.087144051509025,13097.507007083148,0.9984251968503938
dish,-1.0,800.0,14.4,,634,633,27.044487131742873,13076.848478680808,0.9984227129337537
dish,-1.0,800.0,14.5,,632,631,26.959173292210558,13035.531421876129,0.9984177215189872
dish,-1.0,800.0,14.6,,631,630,26.916516372444402,13014.87289347379,0.9984152139461172
dish,-1.0,800.0,14.700000000000001,,630,629,26.873859452678246,12994.21436507145,0.9984126984126983
dish,-1.0,800.0,14.8,,628,627,26.788545613145935,12952.89730826677,0.9984076433121019
dish,-1.0,800.0,14.9,,627,626,26.74588869337978,12932.238779864432,0.9984051036682615
dish,-1.0,800.0,15.0,,626,625,26.703231773613627,12911.580251462094,0.9984025559105429
dish,-1.0,800.0,15.1,,624,623,26.617917934081312,12870.263194657415,0.9983974358974359
dish,-1.0,800.0,15.200000000000001,,623,622,26.575261014315153,12849.604666255074,0.9983948635634029
dish,-1.0,800.0,15.3,,622,621,26.532604094548997,12828.946137852736,0.9983922829581994
dish,-1.0,800.0,15.4,,620,620,26.44729025501669,12808.287609450395,0.9999999999999998
dish,-1.0,800.0,15.5,,619,618,26.404633335250534,12766.970552645718,0.9983844911147011
dish,-1.0,800.0,15.6,,618,617,26.361976415484378,12746.312024243378,0.9983818770226536
dish,-1.0,800.0,15.700000000000001,,617,616,26.319319495718222,12725.653495841038,0.99837925445705
dish,-1.0,800.0,15.8,,615,614,26.234005656185907,12684.33643903636,0.9983739837398373
dish,-1.0,800.0,15.9,,614,613,26.191348736419755,12663.67791063402,0.9983713355048858
dish,-1.0,800.0,16.0,,613,612,26.148691816653596,12643.019382231681,0.99836867862969
dish,-1.0,800.0,16.1,,611,610,26.063377977121288,12601.702325427003,0.9983633387888705
dish,-1.0,800.0,16.200000000000003,,610,609,26.020721057355125,12581.043797024662,0.9983606557377048
dish,-1.0,800.0,16.3,,609,608,25.978064137588973,12560.385268622324,0.9983579638752051
dish,-1.0,800.0,16.400000000000002,,608,607,25.935407217822817,12539.726740219985,0.9983552631578947
dish,-1.0,800.0,16.500000000000004,,606,605,25.850093378290506,12498.409683415306,0.9983498349834983
dish,-1.0,800.0,16.6,,605,604,25.80743645852435,12477.751155012966,0.9983471074380162
dish,-1.0,800.0,16.700000000000003,,604,603,25.76477953875819,12457.092626610627,0.9983443708609271
dish,-1.0,800.0,16.8,,602,602,25.67946569922588,12436.434098208289,1.0
dish,-1.0,800.0,16.900000000000002,,601,600,25.636808779459727,12395.117041403608,0.9983361064891844
dish,-1.0,800.0,17.000000000000004,,600,599,25.594151859693568,12374.458513001271,0.9983333333333334
dish,-1.0,800.0,17.1,,599,598,25.551494939927412,12353.79998459893,0.9983305509181969
dish,-1.0,800.0,17.200000000000003,,597,597,25.4661811003951,12333.14145619659,0.9999999999999999
dish,-1.0,800.0,17.3,,596,595,25.423524180628945,12291.824399391913,0.9983221476510067
dish,-1.0,800.0,17.400000000000002,,595,594,25.38086726086279,12271.165870989573,0.9983193277310923
dish,-1.0,800.0,17.500000000000004,,594,593,25.338210341096634,12250.507342587234,0.9983164983164983
dish,-1.0,800.0,17.6,,592,592,25.252896501564322,12229.848814184894,0.9999999999999999
dish,-1.0,800.0,17.700000000000003,,591,590,25.21023958179817,12188.531757380215,0.9983079526226731
dish,-1.0,800.0,17.8,,590,589,25.167582662032007,12167.873228977876,0.9983050847457627
dish,-1.0,800.0,17.900000000000002,,589,588,25.124925742265855,12147.214700575536,0.9983022071307298
dish,-1.0,800.0,18.000000000000004,,588,587,25.082268822499696,12126.556172173197,0.9982993197278911
dish,-1.0,800.0,18.1,,586,585,24.996954982967388,12085.239115368518,0.9982935153583615
dish,-1.0,800.0,18.200000000000003,,585,584,24.954298063201232,12064.58058696618,0.9982905982905982
dish,-1.0,800.0,18.3,,584,583,24.911641143435073,12043.92205856384,0.9982876712328766
dish,-1.0,800.0,18.400000000000002,,583,582,24.868984223668917,12023.263530161501,0.9982847341337907
dish,-1.0,800.0,18.500000000000004,,581,581,24.783670384136606,12002.60500175916,0.9999999999999999
dish,-1.0,800.0,18.6,,580,579,24.74101346437045,11961.287944954483,0.9982758620689655
dish,-1.0,800.0,18.700000000000003,,579,578,24.69835654460429,11940.629416552145,0.9982728842832471
dish,-1.0,800.0,18.8,,578,577,24.65569962483814,11919.970888149805,0.9982698961937715
dish,-1.0,800.0,18.900000000000002,,577,576,24.613042705071983,11899.312359747464,0.9982668977469669
dish,-1.0,800.0,19.000000000000004,,575,575,24.527728865539668,11878.653831345126,1.0
dish,-1.0,800.0,19.1,,574,573,24.485071945773512,11837.336774540447,0.9982578397212544
dish,-1.0,800.0,19.200000000000003,,573,572,24.44241502600736,11816.678246138106,0.9982547993019195
dish,-1.0,800.0,19.300000000000004,,572,571,24.3997581062412,11796.01971773577,0.9982517482517483
dish,-1.0,800.0,19.400000000000002,,571,570,24.35710118647505,11775.361189333427,0.9982486865148859
dish,-1.0,800.0,19.500000000000004,,570,569,24.31444426670889,11754.702660931089,0.9982456140350876
dish,-1.0,800.0,19.6,,568,567,24.229130427176578,11713.385604126412,0.9982394366197183
dish,-1.0,800.0,19.700000000000003,,567,566,24.186473507410422,11692.727075724071,0.9982363315696648
dish,-1.0,800.0,19.800000000000004,,566,565,24.14381658764427,11672.068547321733,0.998233215547703
dish,-1.0,800.0,19.900000000000002,,565,564,24.10115966787811,11651.410018919392,0.9982300884955752
dish,-1.0,800.0,20.000000000000004,,564,563,24.058502748111955,11630.751490517054,0.9982269503546098
dish,-1.0,800.0,20.1,,563,562,24.015845828345796,11610.092962114713,0.9982238010657194
dish,-1.0,800.0,20.200000000000003,,561,560,23.930531988813488,11568.775905310034,0.9982174688057038
dish,-1.0,800.0,20.300000000000004,,560,559,23.887875069047332,11548.117376907696,0.9982142857142856
dish,-1.0,800.0,20.400000000000002,,559,558,23.845218149281173,11527.458848505357,0.9982110912343471
dish,-1.0,800.0,20.500000000000004,,558,557,23.80256122951502,11506.800320103017,0.9982078853046593
dish,-1.0,800.0,20.6,,557,556,23.759904309748865,11486.141791700677,0.9982046678635544
dish,-1.0,800.0,20.700000000000003,,556,555,23.717247389982706,11465.483263298338,0.9982014388489208
dish,-1.0,800.0,20.800000000000004,,555,554,23.67459047021655,11444.824734896,0.9981981981981981
dish,-1.0,800.0,20.900000000000002,,553,552,23.58927663068424,11403.50767809132,0.9981916817359855
dish,-1.0,800.0,21.000000000000004,,552,551,23.546619710918083,11382.849149688982,0.9981884057971014
dish,-1.0,800.0,21.1,,551,550,23.503962791151928,11362.190621286643,0.9981851179673321
dish,-1.0,800.0,21.200000000000003,,550,549,23.461305871385772,11341.532092884301,0.9981818181818181
dish,-1.0,800.0,21.300000000000004,,549,548,23.418648951619616,11320.873564481963,0.9981785063752275
dish,-1.0,800.0,21.400000000000002,,548,547,23.37599203185346,11300.215036079624,0.9981751824817517
dish,-1.0,800.0,21.500000000000004,,547,546,23.3333351120873,11279.556507677284,0.9981718464351006
dish,-1.0,800.0,21.6,,546,545,23.29067819232115,11258.897979274945,0.9981684981684981
dish,-1.0,800.0,21.700000000000003,,544,544,23.205364352788834,11238.239450872605,0.9999999999999999
dish,-1.0,800.0,21.800000000000004,,543,542,23.162707433022682,11196.922394067926,0.9981583793738487
dish,-1.0,800.0,21.900000000000002,,542,541,23.120050513256523,11176.263865665587,0.9981549815498154
dish,-1.0,800.0,22.000000000000004,,541,540,23.07739359349037,11155.605337263247,0.9981515711645098
dish,-1.0,800.0,22.1,,540,539,23.03473667372421,11134.94680886091,0.9981481481481481
dish,-1.0,800.0,22.200000000000003,,539,538,22.992079753958055,11114.28828045857,0.9981447124304267
dish,-1.0,800.0,22.300000000000004,,538,537,22.949422834191903,11093.629752056231,0.9981412639405203
dish,-1.0,800.0,22.400000000000002,,537,536,22.906765914425744,11072.97122365389,0.9981378026070762
dish,-1.0,800.0,22.500000000000004,,536,535,22.86410899465959,11052.312695251552,0.9981343283582089
dish,-1.0,800.0,22.6,,535,534,22.821452074893433,11031.654166849212,0.9981308411214952
dish,-1.0,800.0,22.700000000000003,,534,533,22.778795155127273,11010.995638446871,0.9981273408239699
dish,-1.0,800.0,22.800000000000004,,533,532,22.73613823536112,10990.337110044533,0.9981238273921199
dish,-1.0,800.0,22.900000000000002,,531,530,22.650824395828806,10949.020053239856,0.9981167608286253
dish,-1.0,800.0,23.000000000000004,,530,529,22.608167476062654,10928.361524837514,0.9981132075471695
dish,-1.0,800.0,23.1,,529,528,22.56551055629649,10907.702996435175,0.9981096408317581
dish,-1.0,800.0,23.200000000000003,,528,527,22.52285363653034,10887.044468032836,0.9981060606060606
dish,-1.0,800.0,23.300000000000004,,527,526,22.480196716764183,10866.385939630498,0.9981024667931689
dish,-1.0,800.0,23.400000000000002,,526,525,22.43753979699803,10845.727411228158,0.9980988593155891
dish,-1.0,800.0,23.500000000000004,,525,524,22.394882877231872,10825.068882825819,0.9980952380952381
dish,-1.0,800.0,23.6,,524,523,22.352225957465716,10804.41035442348,0.9980916030534351
dish,-1.0,800.0,23.700000000000003,,523,522,22.309569037699564,10783.75182602114,0.9980879541108985
dish,-1.0,800.0,23.800000000000004,,522,521,22.2669121179334,10763.0932976188,0.9980842911877396
dish,-1.0,800.0,23.900000000000002,,521,520,22.22425519816725,10742.434769216461,0.9980806142034547
dish,-1.0,800.0,24.000000000000004,,520,519,22.181598278401093,10721.776240814123,0.998076923076923
dish,-1.0,800.0,24.1,,519,518,22.138941358634934,10701.117712411782,0.9980732177263969
dish,-1.0,800.0,24.200000000000003,,518,517,22.096284438868782,10680.459184009444,0.998069498069498
dish,-1.0,800.0,24.300000000000004,,517,516,22.053627519102626,10659.800655607103,0.9980657640232107
dish,-1.0,800.0,24.400000000000002,,516,515,22.01097059933647,10639.142127204765,0.9980620155038759
dish,-1.0,800.0,24.500000000000004,,515,514,21.96831367957031,10618.483598802424,0.9980582524271844
dish,-1.0,800.0,24.6,,514,513,21.925656759804156,10597.825070400086,0.9980544747081712
dish,-1.0,800.0,24.700000000000003,,513,512,21.882999840038003,10577.166541997745,0.9980506822612083
dish,-1.0,800.0,24.800000000000004,,512,511,21.840342920271844,10556.508013595409,0.9980468750000001
dish,-1.0,800.0,24.900000000000002,,511,510,21.79768600050569,10535.849485193068,0.9980430528375734
dish,-1.0,800.0,25.000000000000004,,510,509,21.755029080739536,10515.19095679073,0.9980392156862744
dish,-1.0,800.0,25.1,,509,508,21.712372160973377,10494.532428388387,0.9980353634577601
dish,-1.0,800.0,25.200000000000003,,508,507,21.66971524120722,10473.873899986049,0.998031496062992
dish,-1.0,800.0,25.300000000000004,,507,506,21.627058321441066,10453.21537158371,0.9980276134122288
dish,-1.0,800.0,25.400000000000002,,506,505,21.584401401674906,10432.55684318137,0.9980237154150197
dish,-1.0,800.0,25.500000000000004,,505,504,21.541744481908754,10411.898314779031,0.9980198019801979
dish,-1.0,800.0,25.6,,504,503,21.4990875621426,10391.239786376693,0.9980158730158729
dish,-1.0,800.0,25.700000000000003,,503,502,21.456430642376446,10370.581257974354,0.9980119284294232
dish,-1.0,800.0,25.800000000000004,,502,501,21.413773722610287,10349.922729572012,0.9980079681274897
dish,-1.0,800.0,25.900000000000002,,501,500,21.37111680284413,10329.264201169673,0.9980039920159678
dish,-1.0,800.0,26.000000000000004,,500,499,21.328459883077972,10308.605672767335,0.998
dish,-1.0,800.0,26.1,,499,498,21.285802963311816,10287.947144364996,0.997995991983968
dish,-1.0,800.0,26.200000000000003,,498,497,21.243146043545664,10267.288615962656,0.9979919678714858
dish,-1.0,800.0,26.300000000000004,,497,496,21.20048912377951,10246.630087560317,0.9979879275653922
dish,-1.0,800.0,26.400000000000002,,496,495,21.15783220401335,10225.971559157979,0.997983870967742
dish,-1.0,800.0,26.500000000000004,,495,494,21.115175284247197,10205.313030755638,0.9979797979797979
dish,-1.0,800.0,26.6,,494,493,21.072518364481038,10184.654502353298,0.9979757085020241
dish,-1.0,800.0,26.700000000000003,,493,492,21.029861444714882,10163.995973950958,0.9979716024340768
dish,-1.0,800.0,26.800000000000004,,492,491,20.987204524948726,10143.337445548621,0.9979674796747967
dish,-1.0,800.0,26.900000000000002,,491,490,20.94454760518257,10122.67891714628,0.9979633401221994
dish,-1.0,800.0,27.000000000000004,,490,489,20.901890685416415,10102.020388743942,0.9979591836734694
dish,-1.0,800.0,27.1,,489,488,20.85923376565026,10081.3618603416,0.9979550102249485
dish,-1.0,800.0,27.200000000000003,,488,487,20.8165768458841,10060.703331939263,0.9979508196721312
dish,-1.0,800.0,27.300000000000004,,487,486,20.773919926117944,10040.044803536923,0.997946611909651
dish,-1.0,800.0,27.400000000000002,,486,485,20.731263006351792,10019.386275134584,0.9979423868312756
dish,-1.0,800.0,27.500000000000004,,485,484,20.688606086585636,9998.727746732244,0.9979381443298967
dish,-1.0,800.0,27.6,,484,484,20.645949166819477,9998.727746732244,0.9999999999999999
dish,-1.0,800.0,27.700000000000003,,484,483,20.645949166819477,9978.069218329907,0.9979338842975208
dish,-1.0,800.0,27.800000000000004,,483,482,20.603292247053325,9957.410689927567,0.9979296066252586
dish,-1.0,800.0,27.900000000000002,,482,481,20.56063532728717,9936.752161525226,0.9979253112033193
dish,-1.0,800.0,28.000000000000004,,481,480,20.51797840752101,9916.093633122886,0.9979209979209978
dish,-1.0,800.0,28.1,,480,479,20.475321487754854,9895.435104720547,0.9979166666666666
dish,-1.0,800.0,28.200000000000003,,479,478,20.4326645679887,9874.776576318209,0.9979123173277662
dish,-1.0,800.0,28.300000000000004,,478,477,20.390007648222543,9854.118047915868,0.9979079497907948
dish,-1.0,800.0,28.400000000000002,,477,476,20.347350728456387,9833.45951951353,0.9979035639412998
dish,-1.0,800.0,28.500000000000004,,476,475,20.30469380869023,9812.800991111191,0.9978991596638654
dish,-1.0,800.0,28.6,,475,474,20.262036888924076,9792.14246270885,0.9978947368421052
dish,-1.0,800.0,28.700000000000003,,474,473,20.21937996915792,9771.48393430651,0.9978902953586495
dish,-1.0,800.0,28.800000000000004,,473,473,20.17672304939176,9771.48393430651,0.9999999999999999
dish,-1.0,800.0,28.900000000000002,,473,472,20.17672304939176,9750.825405904172,0.9978858350951375
dish,-1.0,800.0,29.000000000000004,,472,471,20.13406612962561,9730.166877501833,0.9978813559322033
dish,-1.0,800.0,29.1,,471,470,20.091409209859453,9709.508349099495,0.9978768577494691
dish,-1.0,800.0,29.200000000000003,,470,469,20.048752290093294,9688.849820697154,0.997872340425532
dish,-1.0,800.0,29.300000000000004,,469,468,20.00609537032714,9668.191292294816,0.9978678038379529
dish,-1.0,800.0,29.400000000000002,,468,467,19.963438450560986,9647.532763892475,0.9978632478632476
dish,-1.0,800.0,29.500000000000004,,467,466,19.920781530794827,9626.874235490135,0.9978586723768735
dish,-1.0,800.0,29.6,,466,465,19.87812461102867,9606.215707087797,0.9978540772532187
dish,-1.0,800.0,29.700000000000003,,465,464,19.835467691262515,9585.557178685456,0.9978494623655911
dish,-1.0,800.0,29.800000000000004,,465,464,19.835467691262515,9585.557178685456,0.9978494623655911
dish,-1.0,800.0,29.900000000000002,,464,463,19.79281077149636,9564.89865028312,0.997844827586207
dish,-1.0,1600.0,0.1,,439,438,6.620777892243868,3199.1050294557613,0.9977220956719816
dish,-1.0,1600.0,0.2,,439,438,6.620777892243868,3199.1050294557613,0.9977220956719816
dish,-1.0,1600.0,0.30000000000000004,,438,437,6.6056963936282775,3191.801136694447,0.997716894977169
dish,-1.0,1600.0,0.4,,438,437,6.6056963936282775,3191.801136694447,0.997716894977169
dish,-1.0,1600.0,0.5,,438,437,6.6056963936282775,3191.801136694447,0.997716894977169
dish,-1.0,1600.0,0.6,,438,437,6.6056963936282775,3191.801136694447,0.997716894977169
dish,-1.0,1600.0,0.7000000000000001,,437,436,6.590614895012688,3184.4972439331323,0.997711670480549
dish,-1.0,1600.0,0.8,,437,436,6.590614895012688,3184.4972439331323,0.997711670480549
dish,-1.0,1600.0,0.9,,437,436,6.590614895012688,3184.4972439331323,0.997711670480549
dish,-1.0,1600.0,1.0,,436,435,6.575533396397097,3177.193351171818,0.9977064220183487
dish,-1.0,1600.0,1.1,,436,435,6.575533396397097,3177.193351171818,0.9977064220183487
dish,-1.0,1600.0,1.2000000000000002,,436,435,6.575533396397097,3177.193351171818,0.9977064220183487
dish,-1.0,1600.0,1.3000000000000003,,435,434,6.560451897781508,3169.8894584105033,0.9977011494252873
dish,-1.0,1600.0,1.4000000000000001,,435,434,6.560451897781508,3169.8894584105033,0.9977011494252873
dish,-1.0,1600.0,1.5000000000000002,,435,434,6.560451897781508,3169.8894584105033,0.9977011494252873
dish,-1.0,1600.0,1.6,,434,433,6.545370399165919,3162.585565649189,0.9976958525345622
dish,-1.0,1600.0,1.7000000000000002,,434,433,6.545370399165919,3162.585565649189,0.9976958525345622
dish,-1.0,1600.0,1.8000000000000003,,434,433,6.545370399165919,3162.585565649189,0.9976958525345622
dish,-1.0,1600.0,1.9000000000000001,,433,432,6.530288900550329,3155.2816728878743,0.997690531177829
dish,-1.0,1600.0,2.0,,433,432,6.530288900550329,3155.2816728878743,0.997690531177829
dish,-1.0,1600.0,2.1,,433,432,6.530288900550329,3155.2816728878743,0.997690531177829
dish,-1.0,1600.0,2.2,,432,431,6.51520740193474,3147.97778012656,0.9976851851851851
dish,-1.0,1600.0,2.3000000000000003,,432,431,6.51520740193474,3147.97778012656,0.9976851851851851
dish,-1.0,1600.0,2.4000000000000004,,431,430,6.500125903319151,3140.6738873652453,0.9976798143851506
dish,-1.0,1600.0,2.5000000000000004,,431,430,6.500125903319151,3140.6738873652453,0.9976798143851506
dish,-1.0,1600.0,2.6,,431,430,6.500125903319151,3140.6738873652453,0.9976798143851506
dish,-1.0,1600.0,2.7,,430,429,6.48504440470356,3133.3699946039305,0.997674418604651
dish,-1.0,1600.0,2.8000000000000003,,430,429,6.48504440470356,3133.3699946039305,0.997674418604651
dish,-1.0,1600.0,2.9000000000000004,,429,428,6.46996290608797,3126.066101842616,0.9976689976689976
dish,-1.0,1600.0,3.0000000000000004,,429,428,6.46996290608797,3126.066101842616,0.9976689976689976
dish,-1.0,1600.0,3.1,,429,428,6.46996290608797,3126.066101842616,0.9976689976689976
dish,-1.0,1600.0,3.2,,428,427,6.454881407472381,3118.7622090813015,0.997663551401869
dish,-1.0,1600.0,3.3000000000000003,,428,427,6.454881407472381,3118.7622090813015,0.997663551401869
dish,-1.0,1600.0,3.4000000000000004,,427,426,6.4397999088567905,3111.458316319987,0.9976580796252926
dish,-1.0,1600.0,3.5000000000000004,,427,426,6.4397999088567905,3111.458316319987,0.9976580796252926
dish,-1.0,1600.0,3.6,,427,426,6.4397999088567905,3111.458316319987,0.9976580796252926
dish,-1.0,1600.0,3.7,,426,425,6.424718410241201,3104.1544235586725,0.9976525821596244
dish,-1.0,1600.0,3.8000000000000003,,426,425,6.424718410241201,3104.1544235586725,0.9976525821596244
dish,-1.0,1600.0,3.9000000000000004,,425,424,6.409636911625612,3096.850530797358,0.9976470588235291
dish,-1.0,1600.0,4.0,,425,424,6.409636911625612,3096.850530797358,0.9976470588235291
dish,-1.0,1600.0,4.1,,424,423,6.394555413010021,3089.5466380360435,0.9976415094339623
dish,-1.0,1600.0,4.2,,424,423,6.394555413010021,3089.5466380360435,0.9976415094339623
dish,-1.0,1600.0,4.3,,424,423,6.394555413010021,3089.5466380360435,0.9976415094339623
dish,-1.0,1600.0,4.3999999999999995,,423,422,6.379473914394432,3082.2427452747293,0.9976359338061466
dish,-1.0,1600.0,4.5,,423,422,6.379473914394432,3082.2427452747293,0.9976359338061466
dish,-1.0,1600.0,4.6,,422,421,6.364392415778843,3074.9388525134145,0.9976303317535543
dish,-1.0,1600.0,4.7,,422,421,6.364392415778843,3074.9388525134145,0.9976303317535543
dish,-1.0,1600.0,4.8,,421,420,6.349310917163253,3067.6349597521,0.9976247030878859
dish,-1.0,1600.0,4.9,,421,420,6.349310917163253,3067.6349597521,0.9976247030878859
dish,-1.0,1600.0,5.0,,420,419,6.334229418547664,3060.3310669907855,0.9976190476190474
dish,-1.0,1600.0,5.1,,420,419,6.334229418547664,3060.3310669907855,0.9976190476190474
dish,-1.0,1600.0,5.2,,420,419,6.334229418547664,3060.3310669907855,0.9976190476190474
dish,-1.0,1600.0,5.3,,419,418,6.319147919932075,3053.0271742294713,0.9976133651551311
dish,-1.0,1600.0,5.4,,419,418,6.319147919932075,3053.0271742294713,0.9976133651551311
dish,-1.0,1600.0,5.5,,418,417,6.304066421316484,3045.7232814681565,0.9976076555023924
dish,-1.0,1600.0,5.6,,418,417,6.304066421316484,3045.7232814681565,0.9976076555023924
dish,-1.0,1600.0,5.7,,417,416,6.2889849227008945,3038.419388706842,0.9976019184652276
dish,-1.0,1600.0,5.8,,417,416,6.2889849227008945,3038.419388706842,0.9976019184652276
dish,-1.0,1600.0,5.9,,416,415,6.273903424085304,3031.1154959455275,0.9975961538461539
dish,-1.0,1600.0,6.0,,416,415,6.273903424085304,3031.1154959455275,0.9975961538461539
dish,-1.0,1600.0,6.1,,415,415,6.258821925469715,3031.1154959455275,0.9999999999999999
dish,-1.0,1600.0,6.2,,415,414,6.258821925469715,3023.811603184213,0.997590361445783
dish,-1.0,1600.0,6.3,,415,414,6.258821925469715,3023.811603184213,0.997590361445783
dish,-1.0,1600.0,6.4,,414,413,6.243740426854125,3016.507710422898,0.9975845410628017
dish,-1.0,1600.0,6.5,,414,413,6.243740426854125,3016.507710422898,0.9975845410628017
dish,-1.0,1600.0,6.6,,413,412,6.228658928238536,3009.203817661584,0.9975786924939465
dish,-1.0,1600.0,6.7,,413,412,6.228658928238536,3009.203817661584,0.9975786924939465
dish,-1.0,1600.0,6.8,,412,411,6.213577429622945,3001.899924900269,0.9975728155339806
dish,-1.0,1600.0,6.9,,412,411,6.213577429622945,3001.899924900269,0.9975728155339806
dish,-1.0,1600.0,7.0,,411,410,6.198495931007356,2994.596032138955,0.997566909975669
dish,-1.0,1600.0,7.1,,411,410,6.198495931007356,2994.596032138955,0.997566909975669
dish,-1.0,1600.0,7.2,,410,409,6.183414432391766,2987.29213937764,0.997560975609756
dish,-1.0,1600.0,7.3,,410,409,6.183414432391766,2987.29213937764,0.997560975609756
dish,-1.0,1600.0,7.4,,409,409,6.168332933776177,2987.29213937764,0.9999999999999999
dish,-1.0,1600.0,7.5,,409,408,6.168332933776177,2979.9882466163253,0.9975550122249387
dish,-1.0,1600.0,7.6,,409,408,6.168332933776177,2979.9882466163253,0.9975550122249387
dish,-1.0,1600.0,7.7,,408,407,6.153251435160588,2972.684353855011,0.997549019607843
dish,-1.0,1600.0,7.8,,408,407,6.153251435160588,2972.684353855011,0.997549019607843
dish,-1.0,1600.0,7.9,,407,406,6.1381699365449975,2965.380461093697,0.9975429975429975
dish,-1.0,1600.0,8.0,,407,406,6.1381699365449975,2965.380461093697,0.9975429975429975
dish,-1.0,1600.0,8.1,,406,405,6.123088437929408,2958.076568332382,0.9975369458128077
dish,-1.0,1600.0,8.2,,406,405,6.123088437929408,2958.076568332382,0.9975369458128077
dish,-1.0,1600.0,8.3,,405,404,6.108006939313819,2950.7726755710673,0.9975308641975306
dish,-1.0,1600.0,8.4,,405,404,6.108006939313819,2950.7726755710673,0.9975308641975306
dish,-1.0,1600.0,8.5,,404,403,6.092925440698228,2943.468782809753,0.9975247524752475
dish,-1.0,1600.0,8.6,,404,403,6.092925440698228,2943.468782809753,0.9975247524752475
dish,-1.0,1600.0,8.7,,403,402,6.077843942082639,2936.164890048439,0.9975186104218361
dish,-1.0,1600.0,8.8,,403,402,6.077843942082639,2936.164890048439,0.9975186104218361
dish,-1.0,1600.0,8.9,,402,401,6.06276244346705,2928.8609972871245,0.9975124378109452
dish,-1.0,1600.0,9.0,,402,401,6.06276244346705,2928.8609972871245,0.9975124378109452
dish,-1.0,1600.0,9.1,,401,401,6.04768094485146,2928.8609972871245,1.0
dish,-1.0,1600.0,9.2,,401,400,6.04768094485146,2921.5571045258093,0.9975062344139648
dish,-1.0,1600.0,9.3,,401,400,6.04768094485146,2921.5571045258093,0.9975062344139648
dish,-1.0,1600.0,9.4,,400,399,6.032599446235871,2914.2532117644946,0.9974999999999996
dish,-1.0,1600.0,9.5,,400,399,6.032599446235871,2914.2532117644946,0.9974999999999996
dish,-1.0,1600.0,9.6,,399,398,6.01751794762028,2906.9493190031803,0.9974937343358395
dish,-1.0,1600.0,9.700000000000001,,399,398,6.01751794762028,2906.9493190031803,0.9974937343358395
dish,-1.0,1600.0,9.8,,398,397,6.00243644900469,2899.645426241866,0.9974874371859297
dish,-1.0,1600.0,9.9,,398,397,6.00243644900469,2899.645426241866,0.9974874371859297
dish,-1.0,1600.0,10.0,,397,396,5.987354950389101,2892.3415334805513,0.9974811083123425
dish,-1.0,1600.0,10.1,,397,396,5.987354950389101,2892.3415334805513,0.9974811083123425
dish,-1.0,1600.0,10.200000000000001,,396,395,5.972273451773511,2885.0376407192366,0.9974747474747473
dish,-1.0,1600.0,10.3,,396,395,5.972273451773511,2885.0376407192366,0.9974747474747473
dish,-1.0,1600.0,10.4,,395,394,5.957191953157921,2877.7337479579223,0.9974683544303796
dish,-1.0,1600.0,10.5,,395,394,5.957191953157921,2877.7337479579223,0.9974683544303796
dish,-1.0,1600.0,10.6,,394,393,5.942110454542332,2870.429855196608,0.9974619289340101
dish,-1.0,1600.0,10.700000000000001,,394,393,5.942110454542332,2870.429855196608,0.9974619289340101
dish,-1.0,1600.0,10.8,,393,392,5.927028955926741,2863.125962435293,0.9974554707379134
dish,-1.0,1600.0,10.9,,393,392,5.927028955926741,2863.125962435293,0.9974554707379134
dish,-1.0,1600.0,11.0,,392,391,5.911947457311152,2855.8220696739786,0.9974489795918366
dish,-1.0,1600.0,11.1,,392,391,5.911947457311152,2855.8220696739786,0.9974489795918366
dish,-1.0,1600.0,11.200000000000001,,392,391,5.911947457311152,2855.8220696739786,0.9974489795918366
dish,-1.0,1600.0,11.3,,391,390,5.896865958695563,2848.5181769126643,0.9974424552429666
dish,-1.0,1600.0,11.4,,391,390,5.896865958695563,2848.5181769126643,0.9974424552429666
dish,-1.0,1600.0,11.5,,390,389,5.881784460079973,2841.21428415135,0.9974358974358976
dish,-1.0,1600.0,11.6,,390,389,5.881784460079973,2841.21428415135,0.9974358974358976
dish,-1.0,1600.0,11.700000000000001,,389,388,5.866702961464384,2833.9103913900353,0.9974293059125963
dish,-1.0,1600.0,11.8,,389,388,5.866702961464384,2833.9103913900353,0.9974293059125963
dish,-1.0,1600.0,11.9,,388,387,5.851621462848795,2826.6064986287206,0.9974226804123709
dish,-1.0,1600.0,12.0,,388,387,5.851621462848795,2826.6064986287206,0.9974226804123709
dish,-1.0,1600.0,12.1,,387,386,5.836539964233204,2819.3026058674063,0.9974160206718347
dish,-1.0,1600.0,12.200000000000001,,387,386,5.836539964233204,2819.3026058674063,0.9974160206718347
dish,-1.0,1600.0,12.3,,386,385,5.8214584656176145,2811.998713106092,0.9974093264248706
dish,-1.0,1600.0,12.4,,386,385,5.8214584656176145,2811.998713106092,0.9974093264248706
dish,-1.0,1600.0,12.5,,385,384,5.806376967002025,2804.6948203447773,0.9974025974025973
dish,-1.0,1600.0,12.6,,385,384,5.806376967002025,2804.6948203447773,0.9974025974025973
dish,-1.0,1600.0,12.700000000000001,,384,383,5.791295468386435,2797.390927583462,0.997395833333333
dish,-1.0,1600.0,12.8,,384,383,5.791295468386435,2797.390927583462,0.997395833333333
dish,-1.0,1600.0,12.9,,383,382,5.776213969770845,2790.087034822148,0.9973890339425586
dish,-1.0,1600.0,13.0,,383,382,5.776213969770845,2790.087034822148,0.9973890339425586
dish,-1.0,1600.0,13.1,,383,382,5.776213969770845,2790.087034822148,0.9973890339425586
dish,-1.0,1600.0,13.200000000000001,,382,381,5.761132471155256,2782.7831420608336,0.9973821989528794
dish,-1.0,1600.0,13.3,,382,381,5.761132471155256,2782.7831420608336,0.9973821989528794
dish,-1.0,1600.0,13.4,,381,380,5.746050972539665,2775.4792492995193,0.9973753280839897
dish,-1.0,1600.0,13.5,,381,380,5.746050972539665,2775.4792492995193,0.9973753280839897
dish,-1.0,1600.0,13.6,,380,379,5.730969473924076,2768.175356538204,0.9973684210526315
dish,-1.0,1600.0,13.700000000000001,,380,379,5.730969473924076,2768.175356538204,0.9973684210526315
dish,-1.0,1600.0,13.8,,379,378,5.715887975308487,2760.87146377689,0.9973614775725592
dish,-1.0,1600.0,13.9,,379,378,5.715887975308487,2760.87146377689,0.9973614775725592
dish,-1.0,1600.0,14.0,,378,377,5.700806476692897,2753.5675710155756,0.9973544973544973
dish,-1.0,1600.0,14.1,,378,377,5.700806476692897,2753.5675710155756,0.9973544973544973
dish,-1.0,1600.0,14.200000000000001,,377,376,5.685724978077308,2746.2636782542613,0.9973474801061007
dish,-1.0,1600.0,14.3,,377,376,5.685724978077308,2746.2636782542613,0.9973474801061007
dish,-1.0,1600.0,14.4,,376,375,5.670643479461718,2738.959785492946,0.9973404255319146
dish,-1.0,1600.0,14.5,,376,375,5.670643479461718,2738.959785492946,0.9973404255319146
dish,-1.0,1600.0,14.6,,375,375,5.655561980846128,2738.959785492946,0.9999999999999998
dish,-1.0,1600.0,14.700000000000001,,375,374,5.655561980846128,2731.655892731632,0.9973333333333332
dish,-1.0,1600.0,14.8,,375,374,5.655561980846128,2731.655892731632,0.9973333333333332
dish,-1.0,1600.0,14.9,,374,373,5.640480482230538,2724.3519999703176,0.9973262032085561
dish,-1.0,1600.0,15.0,,374,373,5.640480482230538,2724.3519999703176,0.9973262032085561
dish,-1.0,1600.0,15.1,,373,372,5.625398983614948,2717.048107209003,0.9973190348525469
dish,-1.0,1600.0,15.200000000000001,,373,372,5.625398983614948,2717.048107209003,0.9973190348525469
dish,-1.0,1600.0,15.3,,372,371,5.610317484999359,2709.744214447688,0.9973118279569891
dish,-1.0,1600.0,15.4,,372,371,5.610317484999359,2709.744214447688,0.9973118279569891
dish,-1.0,1600.0,15.5,,371,370,5.59523598638377,2702.440321686374,0.9973045822102424
dish,-1.0,1600.0,15.6,,371,370,5.59523598638377,2702.440321686374,0.9973045822102424
dish,-1.0,1600.0,15.700000000000001,,370,369,5.58015448776818,2695.1364289250596,0.9972972972972973
dish,-1.0,1600.0,15.8,,370,369,5.58015448776818,2695.1364289250596,0.9972972972972973
dish,-1.0,1600.0,15.9,,369,368,5.565072989152591,2687.832536163745,0.9972899728997288
dish,-1.0,1600.0,16.0,,369,368,5.565072989152591,2687.832536163745,0.9972899728997288
dish,-1.0,1600.0,16.1,,368,368,5.549991490537,2687.832536163745,1.0
dish,-1.0,1600.0,16.200000000000003,,368,367,5.549991490537,2680.52864340243,0.9972826086956521
dish,-1.0,1600.0,16.3,,368,367,5.549991490537,2680.52864340243,0.9972826086956521
dish,-1.0,1600.0,16.400000000000002,,367,366,5.53490999192141,2673.2247506411154,0.9972752043596729
dish,-1.0,1600.0,16.500000000000004,,367,366,5.53490999192141,2673.2247506411154,0.9972752043596729
dish,-1.0,1600.0,16.6,,366,365,5.519828493305821,2665.920857879801,0.9972677595628415
dish,-1.0,1600.0,16.700000000000003,,366,365,5.519828493305821,2665.920857879801,0.9972677595628415
dish,-1.0,1600.0,16.8,,365,364,5.504746994690231,2658.616965118487,0.9972602739726026
dish,-1.0,1600.0,16.900000000000002,,365,364,5.504746994690231,2658.616965118487,0.9972602739726026
dish,-1.0,1600.0,17.000000000000004,,364,363,5.489665496074641,2651.313072357172,0.9972527472527473
dish,-1.0,1600.0,17.1,,364,363,5.489665496074641,2651.313072357172,0.9972527472527473
dish,-1.0,1600.0,17.200000000000003,,363,362,5.474583997459052,2644.0091795958574,0.9972451790633606
dish,-1.0,1600.0,17.3,,363,362,5.474583997459052,2644.0091795958574,0.9972451790633606
dish,-1.0,1600.0,17.400000000000002,,363,362,5.474583997459052,2644.0091795958574,0.9972451790633606
dish,-1.0,1600.0,17.500000000000004,,362,361,5.459502498843463,2636.705286834543,0.9972375690607733
dish,-1.0,1600.0,17.6,,362,361,5.459502498843463,2636.705286834543,0.9972375690607733
dish,-1.0,1600.0,17.700000000000003,,361,360,5.444421000227872,2629.401394073229,0.9972299168975071
dish,-1.0,1600.0,17.8,,361,360,5.444421000227872,2629.401394073229,0.9972299168975071
dish,-1.0,1600.0,17.900000000000002,,360,359,5.429339501612283,2622.097501311914,0.9972222222222221
dish,-1.0,1600.0,18.000000000000004,,360,359,5.429339501612283,2622.097501311914,0.9972222222222221
dish,-1.0,1600.0,18.1,,359,358,5.414258002996694,2614.7936085505994,0.9972144846796654
dish,-1.0,1600.0,18.200000000000003,,359,358,5.414258002996694,2614.7936085505994,0.9972144846796654
dish,-1.0,1600.0,18.3,,358,357,5.399176504381104,2607.489715789285,0.9972067039106144
dish,-1.0,1600.0,18.400000000000002,,358,357,5.399176504381104,2607.489715789285,0.9972067039106144
dish,-1.0,1600.0,18.500000000000004,,358,357,5.399176504381104,2607.489715789285,0.9972067039106144
dish,-1.0,1600.0,18.6,,357,356,5.384095005765515,2600.1858230279704,0.9971988795518205
dish,-1.0,1600.0,18.700000000000003,,357,356,5.384095005765515,2600.1858230279704,0.9971988795518205
dish,-1.0,1600.0,18.8,,356,355,5.369013507149924,2592.881930266656,0.9971910112359551
dish,-1.0,1600.0,18.900000000000002,,356,355,5.369013507149924,2592.881930266656,0.9971910112359551
dish,-1.0,1600.0,19.000000000000004,,355,354,5.3539320085343345,2585.5780375053414,0.9971830985915492
dish,-1.0,1600.0,19.1,,355,354,5.3539320085343345,2585.5780375053414,0.9971830985915492
dish,-1.0,1600.0,19.200000000000003,,354,353,5.338850509918745,2578.2741447440267,0.9971751412429376
dish,-1.0,1600.0,19.300000000000004,,354,353,5.338850509918745,2578.2741447440267,0.9971751412429376
dish,-1.0,1600.0,19.400000000000002,,354,353,5.338850509918745,2578.2741447440267,0.9971751412429376
dish,-1.0,1600.0,19.500000000000004,,353,352,5.323769011303155,2570.9702519827124,0.9971671388101983
dish,-1.0,1600.0,19.6,,353,352,5.323769011303155,2570.9702519827124,0.9971671388101983
dish,-1.0,1600.0,19.700000000000003,,352,351,5.308687512687565,2563.6663592213977,0.9971590909090908
dish,-1.0,1600.0,19.800000000000004,,352,351,5.308687512687565,2563.6663592213977,0.9971590909090908
dish,-1.0,1600.0,19.900000000000002,,351,350,5.293606014071976,2556.3624664600834,0.9971509971509971
dish,-1.0,1600.0,20.000000000000004,,351,350,5.293606014071976,2556.3624664600834,0.9971509971509971
dish,-1.0,1600.0,20.1,,350,349,5.278524515456387,2549.0585736987687,0.9971428571428568
dish,-1.0,1600.0,20.200000000000003,,350,349,5.278524515456387,2549.0585736987687,0.9971428571428568
dish,-1.0,1600.0,20.300000000000004,,350,349,5.278524515456387,2549.0585736987687,0.9971428571428568
dish,-1.0,1600.0,20.400000000000002,,349,348,5.263443016840796,2541.7546809374544,0.9971346704871061
dish,-1.0,1600.0,20.500000000000004,,349,348,5.263443016840796,2541.7546809374544,0.9971346704871061
dish,-1.0,1600.0,20.6,,348,347,5.248361518225207,2534.4507881761397,0.9971264367816091
dish,-1.0,1600.0,20.700000000000003,,348,347,5.248361518225207,2534.4507881761397,0.9971264367816091
dish,-1.0,1600.0,20.800000000000004,,347,346,5.233280019609618,2527.1468954148254,0.9971181556195964
dish,-1.0,1600.0,20.900000000000002,,347,346,5.233280019609618,2527.1468954148254,0.9971181556195964
dish,-1.0,1600.0,21.000000000000004,,346,345,5.218198520994028,2519.8430026535107,0.9971098265895952
dish,-1.0,1600.0,21.1,,346,345,5.218198520994028,2519.8430026535107,0.9971098265895952
dish,-1.0,1600.0,21.200000000000003,,346,345,5.218198520994028,2519.8430026535107,0.9971098265895952
dish,-1.0,1600.0,21.300000000000004,,345,344,5.2031170223784375,2512.5391098921964,0.9971014492753624
dish,-1.0,1600.0,21.400000000000002,,345,344,5.2031170223784375,2512.5391098921964,0.9971014492753624
dish,-1.0,1600.0,21.500000000000004,,344,343,5.188035523762848,2505.2352171308817,0.9970930232558138
dish,-1.0,1600.0,21.6,,344,343,5.188035523762848,2505.2352171308817,0.9970930232558138
dish,-1.0,1600.0,21.700000000000003,,343,342,5.172954025147258,2497.9313243695674,0.9970845481049563
dish,-1.0,1600.0,21.800000000000004,,343,342,5.172954025147258,2497.9313243695674,0.9970845481049563
dish,-1.0,1600.0,21.900000000000002,,343,342,5.172954025147258,2497.9313243695674,0.9970845481049563
dish,-1.0,1600.0,22.000000000000004,,342,341,5.157872526531669,2490.6274316082527,0.9970760233918128
dish,-1.0,1600.0,22.1,,342,341,5.157872526531669,2490.6274316082527,0.9970760233918128
dish,-1.0,1600.0,22.200000000000003,,341,340,5.142791027916079,2483.3235388469384,0.9970674486803519
dish,-1.0,1600.0,22.300000000000004,,341,340,5.142791027916079,2483.3235388469384,0.9970674486803519
dish,-1.0,1600.0,22.400000000000002,,340,339,5.12770952930049,2476.0196460856237,0.9970588235294116
dish,-1.0,1600.0,22.500000000000004,,340,339,5.12770952930049,2476.0196460856237,0.9970588235294116
dish,-1.0,1600.0,22.6,,339,339,5.1126280306849,2476.0196460856237,0.9999999999999999
dish,-1.0,1600.0,22.700000000000003,,339,338,5.1126280306849,2468.715753324309,0.9970501474926252
dish,-1.0,1600.0,22.800000000000004,,339,338,5.1126280306849,2468.715753324309,0.9970501474926252
dish,-1.0,1600.0,22.900000000000002,,338,337,5.09754653206931,2461.411860562994,0.9970414201183431
dish,-1.0,1600.0,23.000000000000004,,338,337,5.09754653206931,2461.411860562994,0.9970414201183431
dish,-1.0,1600.0,23.1,,337,336,5.08246503345372,2454.10796780168,0.9970326409495549
dish,-1.0,1600.0,23.200000000000003,,337,336,5.08246503345372,2454.10796780168,0.9970326409495549
dish,-1.0,1600.0,23.300000000000004,,337,336,5.08246503345372,2454.10796780168,0.9970326409495549
dish,-1.0,1600.0,23.400000000000002,,336,335,5.067383534838131,2446.804075040365,0.9970238095238093
dish,-1.0,1600.0,23.500000000000004,,336,335,5.067383534838131,2446.804075040365,0.9970238095238093
dish,-1.0,1600.0,23.6,,335,334,5.0523020362225415,2439.500182279051,0.9970149253731342
dish,-1.0,1600.0,23.700000000000003,,335,334,5.0523020362225415,2439.500182279051,0.9970149253731342
dish,-1.0,1600.0,23.800000000000004,,334,333,5.037220537606951,2432.1962895177367,0.997005988023952
dish,-1.0,1600.0,23.900000000000002,,334,333,5.037220537606951,2432.1962895177367,0.997005988023952
dish,-1.0,1600.0,24.000000000000004,,334,333,5.037220537606951,2432.1962895177367,0.997005988023952
dish,-1.0,1600.0,24.1,,333,332,5.022139038991361,2424.892396756422,0.996996996996997
dish,-1.0,1600.0,24.200000000000003,,333,332,5.022139038991361,2424.892396756422,0.996996996996997
dish,-1.0,1600.0,24.300000000000004,,332,331,5.007057540375772,2417.588503995107,0.9969879518072287
dish,-1.0,1600.0,24.400000000000002,,332,331,5.007057540375772,2417.588503995107,0.9969879518072287
dish,-1.0,1600.0,24.500000000000004,,331,330,4.991976041760183,2410.284611233793,0.996978851963746
dish,-1.0,1600.0,24.6,,331,330,4.991976041760183,2410.284611233793,0.996978851963746
dish,-1.0,1600.0,24.700000000000003,,331,330,4.991976041760183,2410.284611233793,0.996978851963746
dish,-1.0,1600.0,24.800000000000004,,330,329,4.976894543144593,2402.9807184724787,0.996969696969697
dish,-1.0,1600.0,24.900000000000002,,330,329,4.976894543144593,2402.9807184724787,0.996969696969697
dish,-1.0,1600.0,25.000000000000004,,329,328,4.961813044529003,2395.676825711164,0.9969604863221884
dish,-1.0,1600.0,25.1,,329,328,4.961813044529003,2395.676825711164,0.9969604863221884
dish,-1.0,1600.0,25.200000000000003,,329,328,4.961813044529003,2395.676825711164,0.9969604863221884
dish,-1.0,1600.0,25.300000000000004,,328,327,4.946731545913413,2388.372932949849,0.9969512195121951
dish,-1.0,1600.0,25.400000000000002,,328,327,4.946731545913413,2388.372932949849,0.9969512195121951
dish,-1.0,1600.0,25.500000000000004,,327,326,4.931650047297824,2381.069040188535,0.9969418960244647
dish,-1.0,1600.0,25.6,,327,326,4.931650047297824,2381.069040188535,0.9969418960244647
dish,-1.0,1600.0,25.700000000000003,,326,326,4.916568548682235,2381.069040188535,0.9999999999999999
dish,-1.0,1600.0,25.800000000000004,,326,325,4.916568548682235,2373.7651474272207,0.9969325153374232
dish,-1.0,1600.0,25.900000000000002,,326,325,4.916568548682235,2373.7651474272207,0.9969325153374232
dish,-1.0,1600.0,26.000000000000004,,325,324,4.9014870500666445,2366.461254665906,0.9969230769230768
dish,-1.0,1600.0,26.1,,325,324,4.9014870500666445,2366.461254665906,0.9969230769230768
dish,-1.0,1600.0,26.200000000000003,,324,323,4.8864055514510545,2359.1573619045907,0.9969135802469133
dish,-1.0,1600.0,26.300000000000004,,324,323,4.8864055514510545,2359.1573619045907,0.9969135802469133
dish,-1.0,1600.0,26.400000000000002,,324,323,4.8864055514510545,2359.1573619045907,0.9969135802469133
dish,-1.0,1600.0,26.500000000000004,,323,322,4.871324052835464,2351.8534691432765,0.9969040247678018
dish,-1.0,1600.0,26.6,,323,322,4.871324052835464,2351.8534691432765,0.9969040247678018
dish,-1.0,1600.0,26.700000000000003,,322,321,4.856242554219875,2344.549576381962,0.9968944099378881
dish,-1.0,1600.0,26.800000000000004,,322,321,4.856242554219875,2344.549576381962,0.9968944099378881
dish,-1.0,1600.0,26.900000000000002,,322,321,4.856242554219875,2344.549576381962,0.9968944099378881
dish,-1.0,1600.0,27.000000000000004,,321,320,4.841161055604285,2337.2456836206475,0.9968847352024921
dish,-1.0,1600.0,27.1,,321,320,4.841161055604285,2337.2456836206475,0.9968847352024921
dish,-1.0,1600.0,27.200000000000003,,320,319,4.826079556988696,2329.9417908593327,0.9968749999999997
dish,-1.0,1600.0,27.300000000000004,,320,319,4.826079556988696,2329.9417908593327,0.9968749999999997
dish,-1.0,1600.0,27.400000000000002,,320,319,4.826079556988696,2329.9417908593327,0.9968749999999997
dish,-1.0,1600.0,27.500000000000004,,319,318,4.810998058373106,2322.6378980980185,0.9968652037617554
dish,-1.0,1600.0,27.6,,319,318,4.810998058373106,2322.6378980980185,0.9968652037617554
dish,-1.0,1600.0,27.700000000000003,,318,317,4.795916559757517,2315.334005336704,0.9968553459119496
dish,-1.0,1600.0,27.800000000000004,,318,317,4.795916559757517,2315.334005336704,0.9968553459119496
dish,-1.0,1600.0,27.900000000000002,,318,317,4.795916559757517,2315.334005336704,0.9968553459119496
dish,-1.0,1600.0,28.000000000000004,,317,316,4.780835061141927,2308.0301125753895,0.9968454258675078
dish,-1.0,1600.0,28.1,,317,316,4.780835061141927,2308.0301125753895,0.9968454258675078
dish,-1.0,1600.0,28.200000000000003,,316,315,4.765753562526338,2300.7262198140747,0.9968354430379744
dish,-1.0,1600.0,28.300000000000004,,316,315,4.765753562526338,2300.7262198140747,0.9968354430379744
dish,-1.0,1600.0,28.400000000000002,,316,315,4.765753562526338,2300.7262198140747,0.9968354430379744
dish,-1.0,1600.0,28.500000000000004,,315,314,4.750672063910748,2293.4223270527605,0.9968253968253967
dish,-1.0,1600.0,28.6,,315,314,4.750672063910748,2293.4223270527605,0.9968253968253967
dish,-1.0,1600.0,28.700000000000003,,314,313,4.735590565295158,2286.118434291446,0.9968152866242037
dish,-1.0,1600.0,28.800000000000004,,314,313,4.735590565295158,2286.118434291446,0.9968152866242037
dish,-1.0,1600.0,28.900000000000002,,314,313,4.735590565295158,2286.118434291446,0.9968152866242037
dish,-1.0,1600.0,29.000000000000004,,313,312,4.720509066679568,2278.814541530132,0.9968051118210863
dish,-1.0,1600.0,29.1,,313,312,4.720509066679568,2278.814541530132,0.9968051118210863
dish,-1.0,1600.0,29.200000000000003,,312,312,4.705427568063978,2278.814541530132,1.0000000000000002
dish,-1.0,1600.0,29.300000000000004,,312,311,4.705427568063978,2271.5106487688167,0.9967948717948716
dish,-1.0,1600.0,29.400000000000002,,312,311,4.705427568063978,2271.5106487688167,0.9967948717948716
dish,-1.0,1600.0,29.500000000000004,,311,310,4.690346069448389,2264.2067560075025,0.9967845659163985
dish,-1.0,1600.0,29.6,,311,310,4.690346069448389,2264.2067560075025,0.9967845659163985
dish,-1.0,1600.0,29.700000000000003,,311,310,4.690346069448389,2264.2067560075025,0.9967845659163985
dish,-1.0,1600.0,29.800000000000004,,310,309,4.6752645708328,2256.902863246188,0.9967741935483869
dish,-1.0,1600.0,29.900000000000002,,310,309,4.6752645708328,2256.902863246188,0.9967741935483869
aperture,-1.0,400.0,0.17880166165675554,1,1562,1519,188.4584067004086,88756.9048354941,0.9724711907810498
aperture,-1.0,400.0,0.7152066466270222,4,1422,1328,171.56712825094814,77596.5566962055,0.9338959212376933
aperture,-1.0,400.0,1.6092149549108,9,1191,1096,143.69651880933841,64040.53173120574,0.9202350965575146
aperture,-1.0,400.0,2.8608265865080886,16,937,879,113.0509136224602,51360.97389756373,0.9381003201707576
aperture,-1.0,400.0,4.4700415414188885,25,714,700,86.14552009224823,40901.799463361334,0.980392156862745
aperture,-1.0,400.0,6.4368598196432,36,539,559,65.03142203042268,32663.00842859855,1.0371057513914657
aperture,-1.0,400.0,8.761281421181021,49,409,451,49.346663470209414,26352.4450828228,1.1026894865525672
aperture,-1.0,400.0,11.443306346032355,64,315,369,38.00537651128598,21561.091431400477,1.1714285714285715
aperture,-1.0,400.0,14.482934594197198,81,246,306,29.680389275480476,17879.929479697952,1.2439024390243902
aperture,-1.0,400.0,17.880166165675554,100,196,256,23.64778982924461,14958.372375172145,1.3061224489795917
aperture,-1.0,400.0,21.63500106046742,121,158,217,19.06301425010535,12679.557833642013,1.3734177215189871
aperture,-1.0,400.0,25.7474392785728,144,130,186,15.684758560213261,10868.192428836011,1.4307692307692308
aperture,-1.0,400.0,30.217480819991685,169,108,161,13.03041480386948,9407.413876573106,1.4907407407407403
aperture,-1.0,400.0,35.045125684724084,196,90,141,10.858679003224566,8238.791034762782,1.5666666666666664
aperture,-1.0,400.0,40.230373872769995,225,77,124,9.29020314720324,7245.461619224006,1.6103896103896098
aperture,-1.0,400.0,45.77322538412942,256,66,110,7.963031269031348,6427.4256299567805,1.6666666666666663
aperture,-1.0,400.0,51.67368021880235,289,57,98,6.877163368708892,5726.251924870586,1.7192982456140344
aperture,-1.0,400.0,57.93173837678879,324,50,88,6.032599446235871,5141.940503965425,1.7599999999999996
aperture,-1.0,400.0,64.54739985808875,361,43,79,5.188035523762848,4616.060225150779,1.837209302325581
aperture,-1.0,400.0,71.52066466270222,400,38,71,4.5847755791392615,4148.61108842665,1.868421052631579
aperture,-1.0,400.0,78.8515327906292,441,34,65,4.102167623440391,3798.024235883552,1.9117647058823526
aperture,-1.0,400.0,86.54000424186968,484,30,59,3.6195596677415223,3447.437383340455,1.9666666666666661
aperture,-1.0,400.0,94.58607901642368,529,27,54,3.25760370096737,3155.2816728878743,1.9999999999999998
aperture,-1.0,400.0,102.9897571142912,576,25,50,3.0162997231179354,2921.5571045258093,1.9999999999999993
aperture,-1.0,400.0,111.75103853547222,625,22,46,2.6543437563437826,2687.832536163745,2.090909090909091
aperture,-1.0,400.0,120.86992327996674,676,20,43,2.413039778494348,2512.5391098921964,2.15
aperture,-1.0,400.0,130.3464113477748,729,19,40,2.2923877895696307,2337.2456836206475,2.1052631578947363
aperture,-1.0,400.0,140.18050273889634,784,17,37,2.0510838117201957,2161.9522573490995,2.1764705882352944
aperture,-1.0,400.0,150.3721974533314,841,16,34,1.9304318227954784,1986.6588310775505,2.1249999999999996
aperture,-1.0,400.0,160.92149549107998,900,14,32,1.6891278449460438,1869.796546896518,2.285714285714285
aperture,-1.0,400.0,171.82839685214208,961,13,30,1.568475856021326,1752.9342627154856,2.307692307692307
aperture,-1.0,400.0,183.09290153651767,1024,12,28,1.4478238670966088,1636.0719785344534,2.333333333333333
aperture,-1.0,400.0,194.7150095442068,1089,11,27,1.3271718781718913,1577.6408364439371,2.4545454545454546
aperture,-1.0,400.0,206.6947208752094,1156,11,25,1.3271718781718913,1460.7785522629047,2.2727272727272725
aperture,-1.0,400.0,219.03203552952553,1225,10,24,1.206519889247174,1402.3474101723887,2.4
aperture,-1.0,400.0,231.72695350715517,1296,9,22,1.0858679003224567,1285.4851259913562,2.4444444444444438
aperture,-1.0,400.0,244.77947480809834,1369,9,21,1.0858679003224567,1227.05398390084,2.333333333333333
aperture,-1.0,400.0,258.189599432355,1444,8,20,0.9652159113977392,1168.6228418103237,2.4999999999999996
aperture,-1.0,400.0,271.9573273799252,1521,8,19,0.9652159113977392,1110.1916997198077,2.375
aperture,-1.0,800.0,0.044700415414188885,1,827,814,35.277272646610975,16816.042119504233,0.9842805320435307
aperture,-1.0,800.0,0.17880166165675554,4,786,756,33.52833893619858,15617.847472168545,0.9618320610687019
aperture,-1.0,800.0,0.4023037387277,9,710,675,30.286413033970724,13944.50667157906,0.9507042253521125
aperture,-1.0,800.0,0.7152066466270222,16,613,587,26.148691816653596,12126.556172173197,0.9575856443719412
aperture,-1.0,800.0,1.1175103853547221,25,510,502,21.755029080739536,10370.581257974354,0.9843137254901959
aperture,-1.0,800.0,1.6092149549108,36,415,426,17.70262170295472,8800.533099396562,1.0265060240963853
aperture,-1.0,800.0,2.1903203552952553,49,334,361,14.247411201896087,7457.728753244505,1.0808383233532934
aperture,-1.0,800.0,2.8608265865080886,64,269,307,11.474711417095952,6342.16821951818,1.1412639405204459
aperture,-1.0,800.0,3.6207336485492996,81,218,262,9.299208509021996,5412.5344414129095,1.2018348623853212
aperture,-1.0,800.0,4.4700415414188885,100,178,225,7.592931718375759,4648.168890526354,1.2640449438202246
aperture,-1.0,800.0,5.408750265116855,121,146,195,6.227910285858768,4028.4130384561727,1.3356164383561642
aperture,-1.0,800.0,6.4368598196432,144,122,170,5.204144211471025,3511.949828397689,1.3934426229508197
aperture,-1.0,800.0,7.554370204997921,169,102,149,4.351005816147906,3078.1207319485625,1.46078431372549
aperture,-1.0,800.0,8.761281421181021,196,86,131,3.6684950998894115,2706.2672207064547,1.5232558139534882
aperture,-1.0,800.0,10.057593468192499,225,74,116,3.1566120626955403,2396.389294671364,1.567567567567567
aperture,-1.0,800.0,11.443306346032355,256,64,104,2.7300428650339805,2148.4869538432927,1.6250000000000004
aperture,-1.0,800.0,12.918420054700588,289,55,93,2.346130587138577,1921.2431414175592,1.6909090909090907
aperture,-1.0,800.0,14.482934594197198,324,48,84,2.0475321487754856,1735.316385796505,1.7499999999999993
aperture,-1.0,800.0,16.136849964522188,361,43,76,1.8342475499447057,1570.0481585777904,1.767441860465116
aperture,-1.0,800.0,17.880166165675554,400,38,69,1.620962951113926,1425.438459761415,1.8157894736842104
aperture,-1.0,800.0,19.7128831976573,441,34,63,1.4503352720493021,1301.487289347379,1.852941176470588
aperture,-1.0,800.0,21.63500106046742,484,30,58,1.2797075929846784,1198.194647335682,1.933333333333333
aperture,-1.0,800.0,23.64651975410592,529,27,53,1.1517368336862106,1094.9020053239856,1.962962962962963
aperture,-1.0,800.0,25.7474392785728,576,24,49,1.0237660743877428,1012.267891714628,2.041666666666666
aperture,-1.0,800.0,27.937759633868055,625,22,45,0.938452234855431,929.6337781052707,2.0454545454545454
aperture,-1.0,800.0,30.217480819991685,676,20,42,0.853138395323119,867.6581928982525,2.0999999999999996
aperture,-1.0,800.0,32.5866028369437,729,18,39,0.7678245557908071,805.6826076912345,2.166666666666666
aperture,-1.0,800.0,35.045125684724084,784,17,36,0.7251676360246511,743.7070224842165,2.1176470588235294
aperture,-1.0,800.0,37.59304936333285,841,16,34,0.6825107162584951,702.3899656795378,2.1249999999999996
aperture,-1.0,800.0,40.230373872769995,900,14,32,0.5971968767261834,661.0729088748591,2.2857142857142847
aperture,-1.0,800.0,42.95709921303552,961,13,30,0.5545399569600273,619.7558520701804,2.307692307692307
aperture,-1.0,800.0,45.77322538412942,1024,12,28,0.5118830371938714,578.4387952655018,2.333333333333333
aperture,-1.0,800.0,48.6787523860517,1089,11,26,0.4692261174277155,537.1217384608232,2.3636363636363638
aperture,-1.0,800.0,51.67368021880235,1156,11,25,0.4692261174277155,516.4632100584837,2.2727272727272725
aperture,-1.0,800.0,54.75800888238138,1225,10,23,0.4265691976615595,475.14615325380504,2.3000000000000003
aperture,-1.0,800.0,57.93173837678879,1296,9,22,0.38391227789540355,454.4876248514657,2.4444444444444438
aperture,-1.0,800.0,61.194868702024586,1369,9,21,0.38391227789540355,433.82909644912627,2.333333333333333
aperture,-1.0,800.0,64.54739985808875,1444,8,20,0.34125535812924757,413.17056804678697,2.5
aperture,-1.0,800.0,67.9893318449813,1521,8,19,0.34125535812924757,392.5120396444476,2.3749999999999996
aperture,-1.0,1600.0,0.011175103853547221,1,436,432,6.575533396397097,3155.2816728878743,0.9908256880733944
aperture,-1.0,1600.0,0.044700415414188885,4,425,415,6.409636911625612,3031.1154959455275,0.9764705882352941
aperture,-1.0,1600.0,0.100575934681925,9,402,390,6.06276244346705,2848.5181769126643,0.9701492537313431
aperture,-1.0,1600.0,0.17880166165675554,16,369,359,5.565072989152591,2622.097501311914,0.9728997289972898
aperture,-1.0,1600.0,0.27937759633868053,25,329,326,4.961813044529003,2381.069040188535,0.9908814589665653
aperture,-1.0,1600.0,0.4023037387277,36,287,292,4.328390102674237,2132.736686303841,1.0174216027874563
aperture,-1.0,1600.0,0.5475800888238138,49,247,261,3.7251301580506495,1906.3160107030906,1.0566801619433197
aperture,-1.0,1600.0,0.7152066466270222,64,210,231,3.167114709273832,1687.199227863655,1.0999999999999999
aperture,-1.0,1600.0,0.9051834121373249,81,178,205,2.684506753574962,1497.2980160694774,1.151685393258427
aperture,-1.0,1600.0,1.1175103853547221,100,150,182,2.262224792338451,1329.3084825592434,1.2133333333333334
aperture,-1.0,1600.0,1.3521875662792138,121,127,162,1.9153503241798888,1183.230627332953,1.2755905511811023
aperture,-1.0,1600.0,1.6092149549108,144,108,144,1.628801850483685,1051.7605576292915,1.3333333333333333
aperture,-1.0,1600.0,1.8885925512494803,169,93,129,1.4025793712498398,942.2021662095735,1.387096774193548
aperture,-1.0,1600.0,2.1903203552952553,196,80,116,1.206519889247174,847.2515603124847,1.4499999999999995
aperture,-1.0,1600.0,2.5143983670481247,225,69,104,1.0406234044756875,759.6048471767105,1.507246376811594
aperture,-1.0,1600.0,2.8608265865080886,256,60,94,0.9048899169353806,686.5659195635653,1.5666666666666667
aperture,-1.0,1600.0,3.229605013675147,289,53,85,0.7993194266262527,620.8308847117346,1.6037735849056607
aperture,-1.0,1600.0,3.6207336485492996,324,46,77,0.693748936317125,562.3997426212184,1.673913043478261
aperture,-1.0,1600.0,4.034212491130547,361,41,71,0.6183414432391766,518.5763860533312,1.731707317073171
aperture,-1.0,1600.0,4.4700415414188885,400,36,65,0.5429339501612284,474.753029485444,1.805555555555555
aperture,-1.0,1600.0,4.928220799414325,441,33,59,0.49768945431445927,430.9296729175569,1.7878787878787876
aperture,-1.0,1600.0,5.408750265116855,484,29,55,0.43736345985210057,401.7141018722988,1.8965517241379306
aperture,-1.0,1600.0,5.91162993852648,529,26,50,0.3921189640053315,365.19463806572617,1.9230769230769227
aperture,-1.0,1600.0,6.4368598196432,576,24,47,0.3619559667741522,343.28295978178267,1.9583333333333333
aperture,-1.0,1600.0,6.984439908467014,625,22,43,0.3317929695429728,314.06738873652455,1.9545454545454548
aperture,-1.0,1600.0,7.554370204997921,676,20,40,0.3016299723117935,292.15571045258093,1.9999999999999996
aperture,-1.0,1600.0,8.146650709235924,729,18,38,0.2714669750806142,277.54792492995193,2.1111111111111107
aperture,-1.0,1600.0,8.761281421181021,784,17,35,0.25638547646502446,255.63624664600837,2.058823529411765
aperture,-1.0,1600.0,9.398262340833213,841,15,33,0.22622247923384514,241.02846112337932,2.1999999999999997
aperture,-1.0,1600.0,10.057593468192499,900,14,31,0.21114098061825548,226.4206756007502,2.2142857142857135
aperture,-1.0,1600.0,10.73927480325888,961,13,29,0.19605948200266576,211.81289007812117,2.2307692307692304
aperture,-1.0,1600.0,11.443306346032355,1024,12,27,0.1809779833870761,197.20510455549214,2.25
aperture,-1.0,1600.0,12.169688096512925,1089,11,26,0.1658964847714864,189.9012117941776,2.3636363636363633
aperture,-1.0,1600.0,12.918420054700588,1156,11,24,0.1658964847714864,175.29342627154858,2.1818181818181817
aperture,-1.0,1600.0,13.689502220595346,1225,10,23,0.15081498615589675,167.98953351023405,2.2999999999999994
aperture,-1.0,1600.0,14.482934594197198,1296,9,22,0.1357334875403071,160.68564074891952,2.4444444444444438
aperture,-1.0,1600.0,15.298717175506146,1369,9,21,0.1357334875403071,153.381747987605,2.333333333333333
aperture,-1.0,1600.0,16.136849964522188,1444,8,19,0.1206519889247174,138.77396246497597,2.375
aperture,-1.0,1600.0,16.997332961245323,1521,8,18,0.1206519889247174,131.47006970366144,2.25
dish,-1.5,400.0,0.1,,1594,1593,96.75066609268012,53903.240412511106,0.9990591187464354
dish,-1.5,400.0,0.2,,1592,1591,136.5686703248914,76087.17808815946,0.9990579369204957
dish,-1.5,400.0,0.30000000000000004,,1589,1588,166.78921368538673,92923.93332698752,0.9990561586043054
dish,-1.5,400.0,0.4,,1585,1584,191.86483458315624,106894.15821400387,0.9990537770460213
dish,-1.5,400.0,0.5,,1582,1581,213.90267166188832,119171.9421462224,0.9990519829751564
dish,-1.5,400.0,0.6,,1578,1577,233.43050606876423,130051.20340727939,0.9990495802710332
dish,-1.5,400.0,0.7000000000000001,,1574,1574,251.17568776458845,140070.7074331726,0.9999999999999996
dish,-1.5,400.0,0.8,,1570,1570,267.495179574985,149171.4400047682,0.9999999999999998
dish,-1.5,400.0,0.9,,1566,1566,282.6378881170499,157615.92727508594,0.9999999999999996
dish,-1.5,400.0,1.0,,1562,1562,296.7857415787221,165505.62337057194,0.9999999999999996
dish,-1.5,400.0,1.1,,1558,1557,310.0766123581143,172750.96078906435,0.9990373817194802
dish,-1.5,400.0,1.2000000000000002,,1554,1553,322.6180284027967,179737.632408441,0.9990349043363114
dish,-1.5,400.0,1.3000000000000003,,1550,1549,334.49583268187325,186354.5551287556,0.9990324141687125
dish,-1.5,400.0,1.4000000000000001,,1545,1544,345.444459513657,192453.65873411455,0.9990292833298615
dish,-1.5,400.0,1.5000000000000002,,1541,1540,356.1812680113328,198434.83793691022,0.999026764032966
dish,-1.5,400.0,1.6,,1536,1535,366.07350963110343,203945.33278034913,0.9990235964629698
dish,-1.5,400.0,1.7000000000000002,,1532,1531,375.86691265151484,209400.85797460293,0.9990210475226522
dish,-1.5,400.0,1.8000000000000003,,1527,1526,384.8719818494804,214417.02354941162,0.9990178425713021
dish,-1.5,400.0,1.9000000000000001,,1523,1522,393.8656835438918,219426.96143804875,0.9990152634612659
dish,-1.5,400.0,2.0,,1518,1517,402.10932374030284,224018.85804517346,0.9990120204629135
dish,-1.5,400.0,2.1,,1513,1512,410.00535356309183,228417.06357967985,0.9990087560338788
dish,-1.5,400.0,2.2,,1509,1508,417.99076641761013,232865.18471716394,0.9990061289174288
dish,-1.5,400.0,2.3000000000000003,,1504,1503,425.26257099811926,236915.56759961834,0.9990028253741642
dish,-1.5,400.0,2.4000000000000004,,1499,1498,432.24458191173443,240804.47364042193,0.9989994997962636
dish,-1.5,400.0,2.5000000000000004,,1494,1494,438.9523603023186,244786.3015095321,0.9999999999999998
dish,-1.5,400.0,2.6,,1490,1489,445.8487615993639,248381.8918506508,0.9989934575208126
dish,-1.5,400.0,2.7,,1485,1484,452.056845993689,251839.55514453596,0.9989900690596638
dish,-1.5,400.0,2.8000000000000003,,1480,1479,458.02910620673725,255165.81260931477,0.9989866577073777
dish,-1.5,400.0,2.9000000000000004,,1475,1474,463.7762637280724,258366.6381717009,0.9989832232312017
dish,-1.5,400.0,3.0000000000000004,,1470,1469,469.3081730384631,261447.52268699097,0.9989797653952184
dish,-1.5,400.0,3.1,,1465,1465,474.6339199046974,264684.49046366516,0.9999999999999998
dish,-1.5,400.0,3.2,,1461,1460,480.25489613387697,267544.16450636287,0.9989734816583153
dish,-1.5,400.0,3.3000000000000003,,1456,1455,485.1996964289449,270297.8989858771,0.9989699571321663
dish,-1.5,400.0,3.4000000000000004,,1451,1450,489.96162375692825,272949.731803712,0.9989664083198804
dish,-1.5,400.0,3.5000000000000004,,1446,1445,494.54743041228124,275503.42536372406,0.9989628349695702
dish,-1.5,400.0,3.6,,1441,1440,498.96342215348756,277962.4932707785,0.9989592368258526
dish,-1.5,400.0,3.7,,1436,1435,503.2155002519421,280330.22375901823,0.9989556136297897
dish,-1.5,400.0,3.8000000000000003,,1431,1431,507.3091985307195,282906.19589007786,0.9999999999999996
dish,-1.5,400.0,3.9000000000000004,,1427,1426,511.7875905840598,285103.66607340536,0.9989490279045328
dish,-1.5,400.0,4.0,,1422,1421,515.585717601678,287218.4423479731,0.998945333153303
dish,-1.5,400.0,4.1,,1417,1416,519.2400604411993,289253.0975578674,0.9989416123322147
dish,-1.5,400.0,4.2,,1412,1411,522.75497945403,291210.0613701808,0.9989378651643716
dish,-1.5,400.0,4.3,,1407,1406,526.1345986949314,293091.6317918102,0.9989340913689407
dish,-1.5,400.0,4.3999999999999995,,1402,1401,529.38282447677,294899.98550765234,0.9989302906610846
dish,-1.5,400.0,4.5,,1397,1396,532.5033620701549,296637.187185191,0.9989264627518882
dish,-1.5,400.0,4.6,,1392,1392,535.499730771074,298626.9363366013,0.9999999999999996
dish,-1.5,400.0,4.7,,1388,1387,538.9576196035657,300230.5145816015,0.9989195030297986
dish,-1.5,400.0,4.8,,1383,1382,541.7206325688327,301768.4924647567,0.9989155973842079
dish,-1.5,400.0,4.9,,1378,1377,544.3689609271081,303242.56426089996,0.9989116634009065
dish,-1.5,400.0,5.0,,1373,1372,546.9055065194217,304654.34697878227,0.9989077007703627
dish,-1.5,400.0,5.1,,1368,1367,549.3330418430893,306005.3855583563,0.9989037091785179
dish,-1.5,400.0,5.2,,1364,1363,552.2614328726245,307635.6527268024,0.9989004948389207
dish,-1.5,400.0,5.3,,1359,1358,554.4834754543058,308872.1845735243,0.9988964503105515
dish,-1.5,400.0,5.4,,1354,1353,556.6040531417226,310052.1768549751,0.9988923759167386
dish,-1.5,400.0,5.5,,1349,1348,558.6255012064345,311176.930893822,0.9988882713254593
dish,-1.5,400.0,5.6,,1344,1344,560.5500616226271,312596.5111590685,0.9999999999999996
dish,-1.5,400.0,5.7,,1340,1339,563.0100061386306,313616.9330354703,0.9988808058847485
dish,-1.5,400.0,5.8,,1335,1334,564.7514873933168,314585.6811733856,0.9988766149318011
dish,-1.5,400.0,5.9,,1330,1329,566.402231018234,315503.8675030897,0.9988723924738567
dish,-1.5,400.0,6.0,,1325,1325,567.9641589450337,316731.05883830565,0.9999999999999996
dish,-1.5,400.0,6.1,,1321,1320,570.0863362192632,317553.58815160865,0.9988647115152742
dish,-1.5,400.0,6.2,,1316,1315,571.4801719545278,318328.61816432193,0.9988603989289556
dish,-1.5,400.0,6.3,,1311,1311,572.7904920197469,319422.5131510208,0.9999999999999996
dish,-1.5,400.0,6.4,,1307,1306,574.6783768263712,320107.5831537994,0.9988525531394034
dish,-1.5,400.0,6.5,,1302,1301,575.8304712568488,320747.9085353249,0.9988481475079203
dish,-1.5,400.0,6.6,,1297,1297,576.9038270316361,321716.35675568116,0.9999999999999998
dish,-1.5,400.0,6.7,,1293,1292,578.5710203013789,322271.85721964476,0.9988401315240498
dish,-1.5,400.0,6.8,,1288,1287,579.4950611421901,322785.1056413999,0.9988356298033804
dish,-1.5,400.0,6.9,,1284,1283,581.0233272472537,323635.19155305275,0.9988320031884698
dish,-1.5,400.0,7.0,,1279,1278,581.8034936448202,324068.270055598,0.9988274380266052
dish,-1.5,400.0,7.1,,1275,1274,583.1978840112466,324843.75826394756,0.9988237601224351
dish,-1.5,400.0,7.2,,1270,1269,583.8392897816441,325199.51662934944,0.9988191301687808
dish,-1.5,400.0,7.3,,1265,1265,584.4114368081609,325903.0526174066,0.9999999999999998
dish,-1.5,400.0,7.4,,1261,1260,585.612013966175,326184.17529541964,0.9988107037449213
dish,-1.5,400.0,7.5,,1256,1256,586.052575508458,326818.2505045604,0.9999999999999998
dish,-1.5,400.0,7.6,,1252,1251,587.1306838824117,327027.27135432494,0.9988021561986028
dish,-1.5,400.0,7.7,,1248,1247,588.1508495563907,327594.2368070911,0.9987983177250873
dish,-1.5,400.0,7.8,,1243,1242,588.4038183891156,327733.55216571956,0.998793484899376
dish,-1.5,400.0,7.9,,1239,1238,589.3075338792684,328235.6305571938,0.9987895905602612
dish,-1.5,400.0,8.0,,1234,1233,589.4394800834211,328307.51086412236,0.9987846871400692
dish,-1.5,400.0,8.1,,1230,1229,590.2305229331877,328746.8073291808,0.9987807357068068
dish,-1.5,400.0,8.2,,1225,1225,590.2453132415168,329156.3738539099,0.9999999999999996
dish,-1.5,400.0,8.3,,1221,1220,590.9272672679366,329131.91923012055,0.9987717503417217
dish,-1.5,400.0,8.4,,1217,1216,591.5575457079512,329481.6373058701,0.998767714196359
dish,-1.5,400.0,8.5,,1212,1212,591.4048485006965,329803.0006253642,0.9999999999999998
dish,-1.5,400.0,8.6,,1208,1207,591.9310410632671,329686.63420282333,0.9987585351600219
dish,-1.5,400.0,8.7,,1204,1203,592.4079046098022,329950.86964152067,0.9987544115489386
dish,-1.5,400.0,8.8,,1200,1199,592.836170476037,330188.02667232073,0.9987502604528466
dish,-1.5,400.0,8.9,,1195,1194,592.4727076760242,329983.8639052568,0.998745032511558
dish,-1.5,400.0,9.0,,1191,1190,592.8029893533067,330166.4246764875,0.9987408185604834
dish,-1.5,400.0,9.1,,1187,1186,593.086805965906,330323.09551933786,0.9987365762147143
dish,-1.5,400.0,9.2,,1183,1182,593.3248234599379,330454.24755574396,0.9987323051862843
dish,-1.5,400.0,9.3,,1178,1178,592.7627415875892,330560.2436809816,0.9999999999999998
dish,-1.5,400.0,9.4,,1174,1173,592.9083412981505,330219.07384147274,0.9987225889830871
dish,-1.5,400.0,9.5,,1170,1169,593.0100905916781,330274.29897794797,0.9987182226995659
dish,-1.5,400.0,9.6,,1166,1165,593.068599030015,330305.43101898185,0.9987138264651245
dish,-1.5,400.0,9.700000000000001,,1162,1161,593.0844633942198,330312.80254898086,0.9987093999705263
dish,-1.5,400.0,9.8,,1158,1157,593.0582681230574,330296.73927546456,0.9987049429022622
dish,-1.5,400.0,9.9,,1154,1153,592.9905857321212,330257.5602625921,0.9987004549424775
dish,-1.5,400.0,10.0,,1150,1149,592.8819772146398,330195.5781544847,0.9986959357688963
dish,-1.5,400.0,10.1,,1146,1145,592.7329924249552,330111.0993888918,0.998691385054743
dish,-1.5,400.0,10.200000000000001,,1142,1141,592.5441704455901,330004.4244017161,0.9986868024686668
dish,-1.5,400.0,10.3,,1138,1137,592.3160399387714,329875.84782287537,0.9986821876746571
dish,-1.5,400.0,10.4,,1134,1133,592.0491194832218,329725.6586639587,0.9986775403319652
dish,-1.5,400.0,10.5,,1130,1129,591.7439178969762,329554.14049809414,0.9986728600950175
dish,-1.5,400.0,10.6,,1126,1125,591.4009345469424,329361.5716324323,0.9986681466133314
dish,-1.5,400.0,10.700000000000001,,1122,1121,591.0206596458744,329148.22527361615,0.9986633995314281
dish,-1.5,400.0,10.8,,1118,1117,590.6035745373914,328914.36968659,0.9986586184887416
dish,-1.5,400.0,10.9,,1114,1113,590.1501519696368,328660.2683470795,0.9986538031195287
dish,-1.5,400.0,11.0,,1110,1109,589.6608563581367,328386.18008805416,0.9986489530527756
dish,-1.5,400.0,11.1,,1106,1105,589.136144038384,328092.3592404646,0.9986440679121026
dish,-1.5,400.0,11.200000000000001,,1102,1101,588.5764635086474,327779.0557685339,0.9986391473156658
dish,-1.5,400.0,11.3,,1098,1098,587.9822556634696,327894.3565036631,0.9999999999999996
dish,-1.5,400.0,11.4,,1095,1094,588.1594679422927,327543.97762462735,0.9986304497880334
dish,-1.5,400.0,11.5,,1091,1090,587.4995443661572,327174.8237470117,0.9986254296735866
dish,-1.5,400.0,11.6,,1087,1086,586.8063418787822,326787.12875229877,0.9986203726210799
dish,-1.5,400.0,11.700000000000001,,1083,1082,586.0802733534463,326381.12275535107,0.9986152782213237
dish,-1.5,400.0,11.8,,1080,1079,586.1356338928935,326410.69540347735,0.9986114326628
dish,-1.5,400.0,11.9,,1076,1075,585.3469715547312,325969.8158333337,0.998606271902428
dish,-1.5,400.0,12.0,,1072,1071,584.526613162547,325511.27734705654,0.9986010726379088
dish,-1.5,400.0,12.1,,1068,1068,583.6749466211115,325492.34128449165,0.9999999999999996
dish,-1.5,400.0,12.200000000000001,,1065,1064,583.614152747707,325000.1544083825,0.9985918799697638
dish,-1.5,400.0,12.3,,1061,1060,582.7028196909397,324490.931135252,0.9985865725689824
dish,-1.5,400.0,12.4,,1057,1057,581.7612784763846,324425.1645477231,0.9999999999999996
dish,-1.5,400.0,12.5,,1054,1053,581.6174271045847,323883.4623758761,0.9985771877075482
dish,-1.5,400.0,12.6,,1050,1049,580.6182857928175,323325.3191161787,0.9985717687614921
dish,-1.5,400.0,12.700000000000001,,1047,1046,580.4213394163393,323214.3225158405,0.9985676773860784
dish,-1.5,400.0,12.8,,1043,1042,579.3659071750874,322624.8185571469,0.9985621856157837
dish,-1.5,400.0,12.9,,1040,1039,579.1170510930799,322484.9018087449,0.9985580390718541
dish,-1.5,400.0,13.0,,1036,1035,578.0065998291665,321864.74605379923,0.9985524729993865
dish,-1.5,400.0,13.1,,1032,1032,576.8683099879988,321696.55031074816,0.9999999999999996
dish,-1.5,400.0,13.200000000000001,,1029,1028,576.5427507174402,321046.4319629494,0.9985426282706851
dish,-1.5,400.0,13.3,,1025,1025,575.3513104991945,320850.57993254927,0.9999999999999998
dish,-1.5,400.0,13.4,,1022,1021,574.9766801193495,320171.16948880226,0.9985326487157071
dish,-1.5,400.0,13.5,,1019,1018,574.5788666281844,319948.2663597092,0.9985283298018288
dish,-1.5,400.0,13.6,,1015,1014,573.3106449654418,319240.2165406414,0.998522531545632
dish,-1.5,400.0,13.700000000000001,,1012,1011,572.8653313240325,318990.8508517721,0.9985181527810364
dish,-1.5,400.0,13.8,,1008,1007,571.5468419626976,318254.7974742254,0.9985122738941906
dish,-1.5,400.0,13.9,,1005,1004,571.0550557269323,317979.54192966904,0.9985078340261002
dish,-1.5,400.0,14.0,,1002,1001,570.5413011363679,317692.04781923856,0.9985033675786136
dish,-1.5,400.0,14.1,,998,997,569.1501522048853,316915.5169600248,0.9984973705553877
dish,-1.5,400.0,14.200000000000001,,995,994,568.5913930881546,316602.9512170887,0.9984928411533418
dish,-1.5,400.0,14.3,,991,991,567.1526798806552,316278.5291861475,0.9999999999999998
dish,-1.5,400.0,14.4,,988,987,566.5498788280224,315462.8227778016,0.9984821656059792
dish,-1.5,400.0,14.5,,985,984,565.926244990556,315114.1162412241,0.9984775439341137
dish,-1.5,400.0,14.6,,982,981,565.2819882712338,314753.92101974157,0.998472894031124
dish,-1.5,400.0,14.700000000000001,,978,977,563.7524439542966,313900.2943815101,0.9984666497964735
dish,-1.5,400.0,14.8,,975,974,563.065955247566,313516.5728274641,0.9984619330063136
dish,-1.5,400.0,14.9,,972,971,562.3594786877401,313121.7165208041,0.9984571871076616
dish,-1.5,400.0,15.0,,969,968,561.6332138446544,312715.83668991766,0.9984524118302293
dish,-1.5,400.0,15.1,,965,965,560.0166402140989,312299.0432205212,0.9999999999999998
dish,-1.5,400.0,15.200000000000001,,962,961,559.2498677884361,311385.2850447734,0.9984411537218825
dish,-1.5,400.0,15.3,,959,958,558.4639120419833,310946.15367052983,0.9984362785196143
dish,-1.5,400.0,15.4,,956,955,557.6589631153402,310496.4419287585,0.998431372727852
dish,-1.5,400.0,15.5,,953,952,556.8352089471869,310036.25456787465,0.9984264360577884
dish,-1.5,400.0,15.6,,950,949,555.992835322233,309565.6951362793,0.9984214682169696
dish,-1.5,400.0,15.700000000000001,,947,946,555.1320259178643,309084.8660083496,0.9984164689092369
dish,-1.5,400.0,15.8,,943,943,553.3724970635197,308593.86840972846,0.9999999999999998
dish,-1.5,400.0,15.9,,940,940,552.473982367753,308092.8024419382,0.9999999999999998
dish,-1.5,400.0,16.0,,937,936,551.5575905379186,307089.50506749726,0.9983995734094584
dish,-1.5,400.0,16.1,,934,933,550.623497172906,306567.853920742,0.9983944342297674
dish,-1.5,400.0,16.200000000000003,,931,930,549.671875981357,306036.43914947053,0.9983892619385957
dish,-1.5,400.0,16.3,,928,927,548.7028988213449,305495.35654338804,0.9983840562149043
dish,-1.5,400.0,16.400000000000002,,925,924,547.7167357390283,304944.7008827734,0.9983788167334925
dish,-1.5,400.0,16.500000000000004,,922,921,546.7135550063147,304384.56595946447,0.9983735431649281
dish,-1.5,400.0,16.6,,919,918,545.6935231575686,303815.0445973116,0.9983682351754772
dish,-1.5,400.0,16.700000000000003,,916,915,544.65680502539,303236.22867211286,0.9983628924270362
dish,-1.5,400.0,16.8,,913,912,543.6035637754977,302648.2091310511,0.9983575145770578
dish,-1.5,400.0,16.900000000000002,,910,910,542.5339609407436,302549.64718844474,0.9999999999999998
dish,-1.5,400.0,17.000000000000004,,908,907,542.3438522159302,301944.1371412519,0.998348472545631
dish,-1.5,400.0,17.1,,905,904,541.2431489140321,301329.6803905702,0.9983429993823012
dish,-1.5,400.0,17.200000000000003,,902,901,540.1265403243955,300706.364394301,0.9983374898222218
dish,-1.5,400.0,17.3,,899,898,538.9941818428694,300074.27577109414,0.9983319435011225
dish,-1.5,400.0,17.400000000000002,,896,895,537.8462273888978,299433.50031711644,0.9983263600498539
dish,-1.5,400.0,17.500000000000004,,893,892,536.6828294348935,298784.12302242004,0.9983207390943094
dish,-1.5,400.0,17.6,,890,889,535.5041390349221,298126.2280869246,0.998315080255339
dish,-1.5,400.0,17.700000000000003,,887,887,534.3103058527068,297963.6412890708,0.9999999999999998
dish,-1.5,400.0,17.8,,885,884,534.0063179182301,297289.52610089554,0.9983055636255881
dish,-1.5,400.0,17.900000000000002,,882,881,532.7836407572647,296607.1310420297,0.9982998018712516
dish,-1.5,400.0,18.000000000000004,,879,878,531.5462434314586,295916.53733809723,0.9982940007987329
dish,-1.5,400.0,18.1,,876,875,530.294270369726,295217.82549832296,0.9982881600041928
dish,-1.5,400.0,18.200000000000003,,874,873,529.9371075799929,295017.8336345626,0.9982842438714409
dish,-1.5,400.0,18.3,,871,870,528.6573388023515,294303.64018023387,0.9982783359609979
dish,-1.5,400.0,18.400000000000002,,868,867,527.3634020386957,293581.5558781722,0.9982723872242395
dish,-1.5,400.0,18.500000000000004,,865,864,526.055436871892,292851.6585380583,0.9982663972365072
dish,-1.5,400.0,18.6,,863,862,525.6469559695161,292623.08250909916,0.9982623807817633
dish,-1.5,400.0,18.700000000000003,,860,859,524.3122059823716,291878.2670317369,0.9982563210826203
dish,-1.5,400.0,18.8,,857,856,522.9638215687348,291125.85813191463,0.9982502189709029
dish,-1.5,400.0,18.900000000000002,,855,854,522.5183686200804,290876.6890588859,0.9982461271134797
dish,-1.5,400.0,19.000000000000004,,852,851,521.1439263858471,290109.7672588432,0.9982399533180546
dish,-1.5,400.0,19.1,,849,848,519.7562340706688,289335.46628692816,0.998233735904429
dish,-1.5,400.0,19.200000000000003,,847,846,519.2747650642656,289066.2370038662,0.9982295665008695
dish,-1.5,400.0,19.300000000000004,,844,843,517.8617236618536,288277.818193454,0.9982232753561309
dish,-1.5,400.0,19.400000000000002,,842,841,517.3571914136493,287995.7432671769,0.9982190563614809
dish,-1.5,400.0,19.500000000000004,,839,838,515.9192528557097,287193.45853280806,0.9982126901662638
dish,-1.5,400.0,19.6,,836,835,514.4686789692757,286384.13732136856,0.9982062782943301
dish,-1.5,400.0,19.700000000000003,,834,833,513.9296536300312,286082.8510438411,0.9982019780937458
dish,-1.5,400.0,19.800000000000004,,831,830,512.4548631185811,285260.0432600486,0.9981954889940847
dish,-1.5,400.0,19.900000000000002,,829,828,511.8937441807428,284946.45178834733,0.9981911368434446
dish,-1.5,400.0,20.000000000000004,,826,825,510.39517116147636,284110.3994234426,0.9981845691123535
dish,-1.5,400.0,20.1,,824,823,509.81232940287987,283784.7094190593,0.998180164064538
dish,-1.5,400.0,20.200000000000003,,821,820,508.29040133625233,282935.65075630846,0.9981735162640868
dish,-1.5,400.0,20.300000000000004,,819,818,507.68620135183045,282598.06543664634,0.9981690573488133
dish,-1.5,400.0,20.400000000000002,,816,815,506.1413392722691,281736.2351799001,0.9981623280057973
dish,-1.5,400.0,20.500000000000004,,814,813,505.5161396858895,281386.9544363042,0.9981578142289065
dish,-1.5,400.0,20.6,,811,810,503.94875842336074,280512.58383345924,0.9981510018337577
dish,-1.5,400.0,20.700000000000003,,809,808,503.30291209111357,280151.80434448423,0.998146432176475
dish,-1.5,400.0,20.800000000000004,,806,805,501.71342048402323,279265.12130611646,0.9981395351821316
dish,-1.5,400.0,20.900000000000002,,804,803,501.0472746894039,278893.0366462795,0.9981349086003014
dish,-1.5,400.0,21.000000000000004,,802,801,500.3716411868349,278515.66796153306,0.9981302589504519
dish,-1.5,400.0,21.1,,799,798,498.74997243069055,277611.0666039554,0.9981232408443275
dish,-1.5,400.0,21.200000000000003,,797,796,498.05453699218333,277222.67006579944,0.99811853276395
dish,-1.5,400.0,21.300000000000004,,794,793,496.4117394700371,276306.3034670791,0.9981114261856119
dish,-1.5,400.0,21.400000000000002,,792,791,495.6968363267147,275907.0653797383,0.9981066585663313
dish,-1.5,400.0,21.500000000000004,,790,789,494.9728238731752,275502.75417431846,0.9981018668148557
dish,-1.5,400.0,21.6,,787,786,493.2992579630657,274569.25458504877,0.9980946335374439
dish,-1.5,400.0,21.700000000000003,,785,784,492.55625674574304,274154.3687957552,0.9980897806477436
dish,-1.5,400.0,21.800000000000004,,783,782,491.80436382886126,273734.5311791069,0.9980849029747056
dish,-1.5,400.0,21.900000000000002,,780,779,490.1008430011608,272784.35208385217,0.9980775395794981
dish,-1.5,400.0,22.000000000000004,,778,777,489.33042987147303,272354.2010614623,0.9980725991111163
dish,-1.5,400.0,22.1,,776,775,488.5513377412183,271919.21676666575,0.998067633184617
dish,-1.5,400.0,22.200000000000003,,773,773,486.8186595202507,271479.43591809616,0.9999999999999998
dish,-1.5,400.0,22.300000000000004,,771,770,486.0215058369967,270507.76073697134,0.9980551056893834
dish,-1.5,400.0,22.400000000000002,,769,768,485.2158811741451,270058.00138230936,0.9980500490923714
dish,-1.5,400.0,22.500000000000004,,767,766,484.4018499339009,269603.5606005904,0.9980449661331864
dish,-1.5,400.0,22.6,,764,764,482.6315909367426,269144.4740283416,0.9999999999999996
dish,-1.5,400.0,22.700000000000003,,762,761,481.80008654560487,268152.05144051777,0.9980321420389446
dish,-1.5,400.0,22.800000000000004,,760,759,480.96037773314237,267683.31217114546,0.998026965170148
dish,-1.5,400.0,22.900000000000002,,758,757,480.11252704958036,267210.03902194375,0.9980217609918032
dish,-1.5,400.0,23.000000000000004,,756,755,479.2565966077206,266732.2666137692,0.9980165292872415
dish,-1.5,400.0,23.1,,753,752,477.4412542008203,265719.82691056485,0.9980086296391111
dish,-1.5,400.0,23.200000000000003,,751,750,476.5685579977527,265232.71908723307,0.9980033281559146
dish,-1.5,400.0,23.300000000000004,,749,748,475.68797738636493,264741.22089693166,0.9979979983698535
dish,-1.5,400.0,23.400000000000002,,747,746,474.799572766786,264245.36600662686,0.9979926400536727
dish,-1.5,400.0,23.500000000000004,,745,744,473.9034041343515,263745.18785783224,0.9979872529776762
dish,-1.5,400.0,23.6,,743,742,472.99953108568786,263240.71966999903,0.997981836909696
dish,-1.5,400.0,23.700000000000003,,741,740,472.0880128246925,262731.9944438482,0.9979763916150588
dish,-1.5,400.0,23.800000000000004,,738,737,470.21286727912855,261686.26001077364,0.9979681683535137
dish,-1.5,400.0,23.900000000000002,,736,735,469.28552644733446,261168.72515659122,0.9979626489487862
dish,-1.5,400.0,24.000000000000004,,734,733,468.3507271033759,260647.0373386609,0.9979570994758169
dish,-1.5,400.0,24.1,,732,731,467.40852691316627,260121.22870114844,0.9979515196882301
dish,-1.5,400.0,24.200000000000003,,730,729,466.4589831787692,259591.33118558006,0.9979459093369495
dish,-1.5,400.0,24.300000000000004,,728,727,465.502152843791,259057.37653384742,0.9979402681701631
dish,-1.5,400.0,24.400000000000002,,726,725,464.5380924986843,258519.39629116285,0.9979345959332856
dish,-1.5,400.0,24.500000000000004,,724,723,463.56685838596513,257977.421808966,0.9979288923689192
dish,-1.5,400.0,24.6,,722,721,462.58850640534274,257431.48424778212,0.9979231572168143
dish,-1.5,400.0,24.700000000000003,,720,719,461.603092118767,256881.61458003504,0.9979173902138324
dish,-1.5,400.0,24.800000000000004,,718,717,460.6106707553949,256327.84359281365,0.9979115910939017
dish,-1.5,400.0,24.900000000000002,,716,715,459.6112972164753,255770.20189059473,0.9979057595879814
dish,-1.5,400.0,25.000000000000004,,714,713,458.6050260801579,255208.71989792143,0.9978998954240145
dish,-1.5,400.0,25.1,,712,711,457.5919116062237,254643.4278620404,0.9978939983268902
dish,-1.5,400.0,25.200000000000003,,710,709,456.57200774074215,254074.3558554959,0.9978880680183981
dish,-1.5,400.0,25.300000000000004,,708,707,455.5453681206553,253501.53377868468,0.9978821042171859
dish,-1.5,400.0,25.400000000000002,,706,705,454.5120460782894,252924.99136236974,0.9978761066387134
dish,-1.5,400.0,25.500000000000004,,704,703,453.4720946457983,252344.75817015648,0.9978700749952089
dish,-1.5,400.0,25.6,,702,701,452.42556655953643,251760.86360092973,0.9978640089956226
dish,-1.5,400.0,25.700000000000003,,700,699,451.3725142643675,251173.33689125406,0.9978579083455784
dish,-1.5,400.0,25.800000000000004,,698,697,450.3129899179049,250582.2071177375,0.9978517727473287
dish,-1.5,400.0,25.900000000000002,,696,695,449.24704539469076,249987.50319935998,0.9978456018997044
dish,-1.5,400.0,26.000000000000004,,694,693,448.17473229031077,249389.2538997662,0.9978393954980657
dish,-1.5,400.0,26.1,,692,691,447.09610192544784,248787.4878295248,0.9978331532342518
dish,-1.5,400.0,26.200000000000003,,690,689,446.0112053498767,248182.23344835464,0.997826874796532
dish,-1.5,400.0,26.300000000000004,,688,688,444.92009334639926,248114.2692626856,0.9999999999999998
dish,-1.5,400.0,26.400000000000002,,687,686,444.7936280677443,247502.3614994916,0.9978173886230343
dish,-1.5,400.0,26.500000000000004,,685,684,443.69065557291896,246887.04384003766,0.9978110183628126
dish,-1.5,400.0,26.6,,683,682,442.58160755046225,246268.3441700858,0.9978046108087397
dish,-1.5,400.0,26.700000000000003,,681,680,441.46653376722037,245646.2902349833,0.9977981656323562
dish,-1.5,400.0,26.800000000000004,,679,678,440.34548374151905,245020.90964170333,0.9977916825013347
dish,-1.5,400.0,26.900000000000002,,677,676,439.2185067467749,244392.2298608577,0.9977851610794214
dish,-1.5,400.0,27.000000000000004,,675,675,438.0856518150561,244302.97260127022,0.9999999999999998
dish,-1.5,400.0,27.1,,674,673,437.92120824736423,243667.97370757788,0.9977753064057565
dish,-1.5,400.0,27.200000000000003,,672,671,436.7770891487535,243029.75121234302,0.9977686877592159
dish,-1.5,400.0,27.300000000000004,,670,669,435.6272270056501,242388.33206667207,0.9977620296131335
dish,-1.5,400.0,27.400000000000002,,668,667,434.47166993047273,241743.74309475374,0.9977553316128567
dish,-1.5,400.0,27.500000000000004,,666,666,433.31046581100014,241640.0409789231,0.9999999999999998
dish,-1.5,400.0,27.6,,665,664,433.1202579300451,240989.3609996489,0.9977452090995258
dish,-1.5,400.0,27.700000000000003,,663,662,431.9481966588997,240335.58492970635,0.997738409884049
dish,-1.5,400.0,27.800000000000004,,661,660,430.77061995957655,239678.7391092728,0.9977315695391324
dish,-1.5,400.0,27.900000000000002,,659,658,429.58757486301295,239018.84976042816,0.9977246876904462
dish,-1.5,400.0,28.000000000000004,,658,657,429.3775604290693,238901.17185350665,0.9977212310839673
dish,-1.5,400.0,28.1,,656,655,428.18397254583203,238235.4137805756,0.9977142862677743
dish,-1.5,400.0,28.200000000000003,,654,653,426.9850454263804,237566.6841889469,0.9977072989919026
dish,-1.5,400.0,28.300000000000004,,652,651,425.780825291801,236895.00884984602,0.9977002688657693
dish,-1.5,400.0,28.400000000000002,,651,650,425.55151496508086,236766.58765593843,0.9976967376104855
dish,-1.5,400.0,28.500000000000004,,649,648,424.3370602018884,236089.21538356174,0.997689642466085
dish,-1.5,400.0,28.6,,647,646,423.11743926154696,235408.96808009373,0.99768250347378
dish,-1.5,400.0,28.700000000000003,,646,645,422.8742235991073,235272.8050219951,0.997678917407445
dish,-1.5,400.0,28.800000000000004,,644,643,421.64459057876735,234586.9848511868,0.9976717118772092
dish,-1.5,400.0,28.900000000000002,,642,641,420.409916566042,233898.3594452845,0.9976644614702129
dish,-1.5,400.0,29.000000000000004,,640,640,419.1702464721181,233754.60213058296,0.9999999999999998
dish,-1.5,400.0,29.1,,639,638,418.9085937122633,233060.52617343012,0.9976535007943906
dish,-1.5,400.0,29.200000000000003,,637,636,417.65920963080873,232363.71389377414,0.9976461363440131
dish,-1.5,400.0,29.300000000000004,,635,635,416.40495254388486,232212.50751053632,0.9999999999999998
dish,-1.5,400.0,29.400000000000002,,634,633,416.1300130755068,231510.36531411138,0.9976350025839612
dish,-1.5,400.0,29.500000000000004,,632,631,414.86625738555347,230805.55485995047,0.997627521378162
dish,-1.5,400.0,29.6,,631,630,414.58289748582405,230647.0422671328,0.9976237629981539
dish,-1.5,400.0,29.700000000000003,,629,628,413.3097789896492,229937.02091467672,0.9976162104014076
dish,-1.5,400.0,29.800000000000004,,627,626,412.03198578720804,229224.39855569834,0.9976086096414677
dish,-1.5,400.0,29.900000000000002,,626,625,411.73575444893305,229058.7203698948,0.9976047910560991
dish,-1.5,800.0,0.1,,836,835,15.450530996627789,8600.69265925237,0.9982062782943303
dish,-1.5,800.0,0.2,,835,834,21.81115703336212,12141.372658776449,0.9982041307682368
dish,-1.5,800.0,0.30000000000000004,,834,833,26.665129476474743,14843.347158898596,0.9982019780937461
dish,-1.5,800.0,0.4,,833,832,30.73487783756537,17108.766557202965,0.9981998202523223
dish,-1.5,800.0,0.5,,832,831,34.300779137357125,19093.706974989378,0.99819765722534
dish,-1.5,800.0,0.6,,831,830,37.50689860049166,20878.36468604403,0.9981954889940852
dish,-1.5,800.0,0.7000000000000001,,830,829,40.43897620970546,22510.46836651131,0.998193315539752
dish,-1.5,800.0,0.8,,829,828,43.1529790862039,24021.17317215916,0.9981911368434448
dish,-1.5,800.0,0.9,,828,827,45.68785337480239,25432.159258443055,0.9981889528861776
dish,-1.5,800.0,1.0,,827,826,48.07200739543633,26759.240723384417,0.9981867636488706
dish,-1.5,800.0,1.1,,826,825,50.326926326624104,28014.377776876896,0.9981845691123535
dish,-1.5,800.0,1.2000000000000002,,824,824,52.37396263728288,29206.879308153424,0.9999999999999998
dish,-1.5,800.0,1.3000000000000003,,823,822,54.41334474472261,30288.87325686464,0.998177953514431
dish,-1.5,800.0,1.4000000000000001,,822,821,56.364510231722406,31374.9085748804,0.9981757375874943
dish,-1.5,800.0,1.5000000000000002,,821,820,58.236378323165496,32416.798655332434,0.998173516264087
dish,-1.5,800.0,1.6,,819,819,59.926627490354356,33418.700597031086,1.0
dish,-1.5,800.0,1.7000000000000002,,818,817,61.65785465865031,34321.10492313311,0.9981668197171837
dish,-1.5,800.0,1.8000000000000003,,817,816,63.32910214843281,35251.305566066716,0.9981645766095536
dish,-1.5,800.0,1.9000000000000001,,816,815,64.94504650128725,36150.71813964891,0.9981623280057972
dish,-1.5,800.0,2.0,,814,813,66.38739058500401,36953.410946078024,0.9981578142289065
dish,-1.5,800.0,2.1,,813,812,67.9015142180269,37796.136318974895,0.9981555490150235
dish,-1.5,800.0,2.2,,812,811,69.37122726080082,38614.13736383631,0.9981532782235157
dish,-1.5,800.0,2.3000000000000003,,810,809,70.66842948987365,39336.01998096505,0.9981487198250208
dish,-1.5,800.0,2.4000000000000004,,809,808,72.05471367642741,40107.57252348657,0.9981464321764748
dish,-1.5,800.0,2.5000000000000004,,807,807,73.26799378547717,40858.650823560914,0.9999999999999996
dish,-1.5,800.0,2.6,,806,805,74.58014616649405,41513.00865366646,0.9981395351821316
dish,-1.5,800.0,2.7,,805,804,75.85945113282104,42225.001207218935,0.9981372247639761
dish,-1.5,800.0,2.8000000000000003,,803,802,76.96376893816856,42839.48917122674,0.9981325866696487
dish,-1.5,800.0,2.9000000000000004,,802,801,78.17979816045937,43516.25254802924,0.9981302589504519
dish,-1.5,800.0,3.0000000000000004,,800,799,79.219044769342,44094.50907782953,0.998125586059627
dish,-1.5,800.0,3.1,,799,798,80.3775953646443,44739.270603851306,0.9981232408443272
dish,-1.5,800.0,3.2,,798,797,81.51045542275506,45369.72916108671,0.9981208897531386
dish,-1.5,800.0,3.3000000000000003,,796,795,82.4632724125964,45899.86184862692,0.9981161698545402
dish,-1.5,800.0,3.4000000000000004,,795,794,83.54570823763993,46502.24582282923,0.9981138010025763
dish,-1.5,800.0,3.5000000000000004,,793,792,84.44574988903007,47002.99264494684,0.9981090453810878
dish,-1.5,800.0,3.6,,792,791,85.481673572769,47579.479978093936,0.9981066585663315
dish,-1.5,800.0,3.7,,790,789,86.33273360556365,48052.95308460173,0.9981018668148557
dish,-1.5,800.0,3.8000000000000003,,789,788,87.32554336220352,48605.43564323899,0.9980994618322139
dish,-1.5,800.0,3.9000000000000004,,787,786,88.13093862644627,49053.48170289726,0.9980946335374442
dish,-1.5,800.0,4.0,,786,785,89.0836100536437,49583.61608242089,0.9980922101786903
dish,-1.5,800.0,4.1,,784,783,89.84626254128915,50007.8619392165,0.9980873449209923
dish,-1.5,800.0,4.2,,783,782,90.76141995640216,50517.109176284604,0.9980849029747054
dish,-1.5,800.0,4.3,,781,780,91.48392140092223,50918.99781242454,0.9980800003279946
dish,-1.5,800.0,4.3999999999999995,,780,779,92.3638943341934,51408.65483439835,0.9980775395794981
dish,-1.5,800.0,4.5,,778,777,93.04855772727949,51789.47405006244,0.9980725991111159
dish,-1.5,800.0,4.6,,777,776,93.89542618809368,52260.69887453334,0.9980701193424142
dish,-1.5,800.0,4.7,,775,774,94.5443273233926,52621.604415671834,0.9980651406130016
dish,-1.5,800.0,4.8,,774,773,95.3599584575103,53075.43655742501,0.9980626416027154
dish,-1.5,800.0,4.9,,772,771,95.97496977224665,53417.4709557752,0.9980576241660811
dish,-1.5,800.0,5.0,,771,770,96.76104783491698,53854.84811276002,0.9980551056893836
dish,-1.5,800.0,5.1,,769,768,97.34386623227273,54178.95617493081,0.9980500490923714
dish,-1.5,800.0,5.2,,768,767,98.10191731268155,54600.72799233892,0.9980475109209184
dish,-1.5,800.0,5.3,,766,765,98.65408722896507,54907.769641647945,0.998042414703271
dish,-1.5,800.0,5.4,,765,764,99.38549981033619,55314.70915772719,0.9980398566051336
dish,-1.5,800.0,5.5,,763,762,99.90843248812705,55605.47016388168,0.9980347202993523
dish,-1.5,800.0,5.6,,762,761,100.6144746722548,55998.283398858126,0.9980321420389453
dish,-1.5,800.0,5.7,,760,759,101.10946437871797,56273.48440698929,0.9980269651701476
dish,-1.5,800.0,5.8,,759,758,101.79129841528882,56652.818451578256,0.9980243665081573
dish,-1.5,800.0,5.9,,757,756,102.2595361800696,56913.122630404585,0.9980191485939311
dish,-1.5,800.0,6.0,,756,755,102.91823080051108,57279.572512110775,0.9980165292872414
dish,-1.5,800.0,6.1,,754,753,103.36081612387827,57525.59207211795,0.9980112698374934
dish,-1.5,800.0,6.2,,753,752,103.99735707335594,57879.70661845012,0.9980086296391109
dish,-1.5,800.0,6.3,,751,750,104.41530796133605,58112.00839868786,0.9980033281559142
dish,-1.5,800.0,6.4,,750,749,105.03060704160454,58454.29527136895,0.9980006668148887
dish,-1.5,800.0,6.5,,748,747,105.42486865284492,58673.40555337953,0.9979953227923265
dish,-1.5,800.0,6.6,,747,746,106.0197715263683,59004.33559295721,0.9979926400536727
dish,-1.5,800.0,6.7,,745,744,106.39122365975358,59210.744269334886,0.9979872529776761
dish,-1.5,800.0,6.8,,744,743,106.96651661712741,59530.755262662344,0.997984548582292
dish,-1.5,800.0,6.9,,742,741,107.31598022569167,59724.919463536586,0.9979791179304756
dish,-1.5,800.0,7.0,,741,740,107.87239608050297,60034.41942549764,0.9979763916150588
dish,-1.5,800.0,7.1,,739,738,108.2006389629708,60216.766687188436,0.997970916856551
dish,-1.5,800.0,7.2,,738,737,108.73886220831683,60516.13673138703,0.9979681683535137
dish,-1.5,800.0,7.3,,736,735,109.04660400248598,60687.067776382864,0.9979626489487862
dish,-1.5,800.0,7.4,,735,734,109.56727533958595,60976.664636275214,0.9979598779861675
dish,-1.5,800.0,7.5,,733,732,109.8551919201135,61136.55582163064,0.997954313386854
dish,-1.5,800.0,7.6,,732,731,110.35891225040048,61416.71407297504,0.9979515196882299
dish,-1.5,800.0,7.7,,730,729,110.62763961615066,61565.91955453684,0.9979459093369495
dish,-1.5,800.0,7.8,,728,728,110.88642036386058,61836.953581491696,0.9999999999999996
dish,-1.5,800.0,7.9,,727,726,111.36511129492084,61975.80723352703,0.9979374359515069
dish,-1.5,800.0,8.0,,725,725,111.60560262932657,62238.01297379891,0.9999999999999996
dish,-1.5,800.0,8.1,,724,723,112.06870466776732,62366.83009722326,0.9979288923689192
dish,-1.5,800.0,8.2,,722,722,112.29145677308719,62620.48659601733,0.9999999999999996
dish,-1.5,800.0,8.3,,721,720,112.73945648314306,62739.56544320402,0.9979202777132434
dish,-1.5,800.0,8.4,,719,719,112.9449902058474,62984.936241095034,0.9999999999999998
dish,-1.5,800.0,8.5,,718,717,113.37834747147026,63094.559380957035,0.9979115910939019
dish,-1.5,800.0,8.6,,716,716,113.56715664074913,63331.893756981444,0.9999999999999998
dish,-1.5,800.0,8.7,,715,714,113.986306779214,63432.32930046878,0.9979028316053757
dish,-1.5,800.0,8.8,,713,713,114.15886029296514,63661.863388574,0.9999999999999998
dish,-1.5,800.0,8.9,,712,711,114.56421595563724,63753.366091783326,0.9978939983268904
dish,-1.5,800.0,9.0,,710,710,114.72095966053199,63975.32388613864,1.0
dish,-1.5,800.0,9.1,,709,708,115.11291254655899,64058.13614577209,0.9978850903220905
dish,-1.5,800.0,9.2,,708,707,115.49888553930892,64272.73040824489,0.9978821042171859
dish,-1.5,800.0,9.3,,706,705,115.6331933417821,64347.08316209462,0.9978761066387136
dish,-1.5,800.0,9.4,,705,704,116.00630547745222,64554.51624334809,0.9978730950932039
dish,-1.5,800.0,9.5,,703,702,116.12581731642327,64620.62978674763,0.9978670463082464
dish,-1.5,800.0,9.6,,702,701,116.48641463286201,64821.09437085956,0.9978640089956223
dish,-1.5,800.0,9.700000000000001,,700,699,116.59150830094796,64879.17909857821,0.9978579083455784
dish,-1.5,800.0,9.8,,699,698,116.93992068878842,65072.85887976282,0.9978548449337216
dish,-1.5,800.0,9.9,,697,696,117.03095741011302,65123.11596157514,0.9978486917486462
dish,-1.5,800.0,10.0,,696,695,117.36749971975686,65310.18626047117,0.9978456018997044
dish,-1.5,800.0,10.1,,694,693,117.4448252571112,65352.80825757654,0.9978393954980654
dish,-1.5,800.0,10.200000000000001,,693,692,117.7697983088509,65533.43658361126,0.9978362788683292
dish,-1.5,800.0,10.3,,691,690,117.83374397587323,65568.60801217389,0.9978300185567544
dish,-1.5,800.0,10.4,,690,689,118.14743548338141,65742.95457769734,0.997826874796532
dish,-1.5,800.0,10.5,,688,687,118.19831907162802,65770.85242500294,0.9978205598695502
dish,-1.5,800.0,10.6,,687,686,118.50100448778666,65939.07061618709,0.9978173886230343
dish,-1.5,800.0,10.700000000000001,,685,685,118.53913111736983,66104.56649644123,0.9999999999999996
dish,-1.5,800.0,10.8,,684,683,118.83107441032868,66122.10162314204,0.9978078192679463
dish,-1.5,800.0,10.9,,683,682,119.11824822640469,66281.68285961411,0.9978046108087395
dish,-1.5,800.0,11.0,,681,680,119.13819167818848,66292.35190562115,0.9977981656323562
dish,-1.5,800.0,11.1,,680,679,119.41499146691827,66446.15673274381,0.9977949288320989
dish,-1.5,800.0,11.200000000000001,,678,677,119.42288143386135,66450.11391999088,0.9977884265979103
dish,-1.5,800.0,11.3,,677,676,119.68954561922446,66598.27510815585,0.9977851610794214
dish,-1.5,800.0,11.4,,675,674,119.68564880427826,66595.66897851188,0.9977786010263786
dish,-1.5,800.0,11.5,,674,673,119.94240657821722,66738.31415813956,0.9977753064057567
dish,-1.5,800.0,11.6,,673,672,120.19477378865722,66878.51475045859,0.9977720019979276
dish,-1.5,800.0,11.700000000000001,,671,670,120.1740519331013,66866.53986285064,0.997765363645684
dish,-1.5,800.0,11.8,,670,669,120.41683306957405,67001.40283037537,0.9977620296131336
dish,-1.5,800.0,11.9,,668,667,120.38494201114035,66983.20859142576,0.9977553316128565
dish,-1.5,800.0,12.0,,667,666,120.6183455972566,67112.85005745223,0.9977519675554033
dish,-1.5,800.0,12.1,,665,664,120.5755208449735,67088.56764054474,0.997745209099526
dish,-1.5,800.0,12.200000000000001,,664,663,120.79974788105328,67213.09953972127,0.9977418146097482
dish,-1.5,800.0,12.3,,663,662,121.01991451279848,67335.3706938719,0.9977384098840492
dish,-1.5,800.0,12.4,,661,660,120.96146144618284,67302.38604238286,0.9977315695391324
dish,-1.5,800.0,12.5,,660,659,121.17273299330878,67419.70437152566,0.9977281338263332
dish,-1.5,800.0,12.6,,658,657,121.10389363885861,67380.93643606959,0.9977212310839673
dish,-1.5,800.0,12.700000000000001,,657,656,121.30645416213213,67493.4044436763,0.9977177639591046
dish,-1.5,800.0,12.8,,656,655,121.50516439863374,67603.72870772726,0.997714286267774
dish,-1.5,800.0,12.9,,654,653,121.4214657308904,67556.68684893782,0.9977072989919021
dish,-1.5,800.0,13.0,,653,652,121.61172298139816,67662.30449003474,0.9977037893097166
dish,-1.5,800.0,13.1,,651,651,121.51814300215247,67765.8431345863,0.9999999999999998
dish,-1.5,800.0,13.200000000000001,,650,649,121.70011652465524,67710.7658968668,0.9976931954939865
dish,-1.5,800.0,13.3,,649,648,121.87843225416161,67809.73462316397,0.9976896424660855
dish,-1.5,800.0,13.4,,647,646,121.7707031078274,67749.31236828904,0.99768250347378
dish,-1.5,800.0,13.5,,646,645,121.9409726282102,67843.80100818684,0.997678917407445
dish,-1.5,800.0,13.6,,645,644,122.10769117286378,67936.31257541724,0.9976753202258408
dish,-1.5,800.0,13.700000000000001,,643,642,121.98620945748966,67868.23284069229,0.9976680923094678
dish,-1.5,800.0,13.8,,642,641,122.1451082652504,67956.39044594408,0.9976644614702127
dish,-1.5,800.0,13.9,,640,640,122.01447471932144,68042.62762501254,0.9999999999999998
dish,-1.5,800.0,14.0,,639,638,122.1657030261828,67967.10178542147,0.9976535007943909
dish,-1.5,800.0,14.1,,638,637,122.3135490653396,68049.10541807926,0.9976498243384495
dish,-1.5,800.0,14.200000000000001,,636,635,122.16979331721168,67968.62364145379,0.9976424367566759
dish,-1.5,800.0,14.3,,635,634,122.31017854944294,68046.47320972027,0.9976387255216895
dish,-1.5,800.0,14.4,,634,633,122.44727550379545,68122.49199256294,0.997635002583961
dish,-1.5,800.0,14.5,,632,631,122.29075099365585,68034.90072970597,0.997627521378162
dish,-1.5,800.0,14.6,,631,630,122.42058774998547,68106.87717310773,0.9976237629981538
dish,-1.5,800.0,14.700000000000001,,630,629,122.54722603046565,68177.0728393307,0.9976199926915226
dish,-1.5,800.0,14.8,,628,627,122.37827205430824,68082.56108703832,0.997612416070585
dish,-1.5,800.0,14.9,,627,626,122.49784227671196,68148.82142366398,0.9976086096414675
dish,-1.5,800.0,15.0,,626,625,122.61429992151784,68213.34881801435,0.9976047910560993
dish,-1.5,800.0,15.1,,624,623,122.43324256667773,68112.09821868101,0.9975971171829294
dish,-1.5,800.0,15.200000000000001,,623,622,122.54281638716041,68172.79289148557,0.9975932617773509
dish,-1.5,800.0,15.3,,622,621,122.64935988400711,68231.80042803903,0.99758939397996
dish,-1.5,800.0,15.4,,620,620,122.45651288549799,68289.13475792756,0.9999999999999996
dish,-1.5,800.0,15.5,,619,618,122.55634940059966,68179.25905445337,0.9975777156365873
dish,-1.5,800.0,15.6,,618,617,122.65323443925901,68232.88913558213,0.9975737976696776
dish,-1.5,800.0,15.700000000000001,,617,616,122.7471919659857,68284.88933451257,0.9975698670078676
dish,-1.5,800.0,15.8,,615,614,122.53924794560879,68168.66918958568,0.9975619673519408
dish,-1.5,800.0,15.9,,614,613,122.62672010791019,68217.0585901101,0.9975579982330147
dish,-1.5,800.0,16.0,,613,612,122.71133943268907,68263.8596947226,0.9975540161695612
dish,-1.5,800.0,16.1,,611,610,122.49228802309267,68141.45552163992,0.9975460129549478
dish,-1.5,800.0,16.200000000000003,,610,609,122.57058341669791,68184.7357416785,0.9975419916756837
dish,-1.5,800.0,16.3,,609,608,122.6460977197376,68226.46762229178,0.9975379571956785
dish,-1.5,800.0,16.400000000000002,,608,607,122.71885270618137,68266.66328866138,0.997533909449823
dish,-1.5,800.0,16.500000000000004,,606,605,122.4855627447164,68136.33186885894,0.9975257738979811
dish,-1.5,800.0,16.6,,605,604,122.55219649439974,68173.11954551759,0.9975216859596197
dish,-1.5,800.0,16.700000000000003,,604,603,122.61613907775234,68208.40896204967,0.9975175844906499
dish,-1.5,800.0,16.8,,602,602,122.37237002480285,68242.2116256455,0.9999999999999998
dish,-1.5,800.0,16.900000000000002,,601,600,122.43033950111443,68104.20745990552,0.9975051982249721
dish,-1.5,800.0,17.000000000000004,,600,599,122.48568342919921,68134.70967805918,0.9975010419561992
dish,-1.5,800.0,17.1,,599,598,122.53842169090579,68163.76125229502,0.9974968718158695
dish,-1.5,800.0,17.200000000000003,,597,597,122.28120609184701,68191.37312015494,0.9999999999999996
dish,-1.5,800.0,17.3,,596,595,122.32815755623487,68045.9396445504,0.9974842774676019
dish,-1.5,800.0,17.400000000000002,,595,594,122.3725658526722,68070.35367254233,0.9974800511407619
dish,-1.5,800.0,17.500000000000004,,594,593,122.41444989960004,68093.36239968755,0.9974758105898642
dish,-1.5,800.0,17.6,,592,592,122.14421071350155,68114.9762374363,0.9999999999999998
dish,-1.5,800.0,17.700000000000003,,591,590,122.18048591257649,67962.34665488357,0.9974630028710981
dish,-1.5,800.0,17.8,,590,589,122.21429647630988,67980.86069131285,0.9974587046997976
dish,-1.5,800.0,17.900000000000002,,589,588,122.24566043217891,67998.01266822217,0.9974543919398926
dish,-1.5,800.0,18.000000000000004,,588,587,122.27459560147939,68013.81251031284,0.9974500645169843
dish,-1.5,800.0,18.1,,586,585,121.98872858752443,67854.2105429323,0.9974413653820181
dish,-1.5,800.0,18.200000000000003,,585,584,122.01226423852226,67867.00439144176,0.9974369935186093
dish,-1.5,800.0,18.3,,584,583,122.03342742654335,67878.47747504358,0.9974326066894857
dish,-1.5,800.0,18.400000000000002,,583,582,122.052235162533,67888.63926731203,0.99742820481767
dish,-1.5,800.0,18.500000000000004,,581,581,121.75422938772975,67897.49913735256,0.9999999999999996
dish,-1.5,800.0,18.6,,580,579,121.76779896482867,67729.52551932831,0.9974149081683361
dish,-1.5,800.0,18.700000000000003,,579,578,121.77906697955757,67735.48992337467,0.9974104453453324
dish,-1.5,800.0,18.8,,578,577,121.78804969057899,67740.18210574734,0.9974059670867256
dish,-1.5,800.0,18.900000000000002,,577,576,121.79476318225015,67743.611024187,0.9974014733122956
dish,-1.5,800.0,19.000000000000004,,575,575,121.48217559734299,67745.78554111045,0.9999999999999996
dish,-1.5,800.0,19.1,,574,573,121.48384127837491,67569.75310269395,0.9973878980834905
dish,-1.5,800.0,19.200000000000003,,573,572,121.48328884198666,67569.13713883243,0.9973833414323633
dish,-1.5,800.0,19.300000000000004,,572,571,121.4805336852224,67567.29494904904,0.9973787688558651
dish,-1.5,800.0,19.400000000000002,,571,570,121.4755910457758,67564.23501974603,0.9973741802703615
dish,-1.5,800.0,19.500000000000004,,570,569,121.46847600472606,67559.96575014011,0.997369575591632
dish,-1.5,800.0,19.6,,568,567,121.13915299015123,67376.17304205088,0.9973603176146468
dish,-1.5,800.0,19.700000000000003,,567,566,121.12720468760179,67369.21320482175,0.9973556641449695
dish,-1.5,800.0,19.800000000000004,,566,565,121.11313206123938,67361.07080660273,0.9973509942392124
dish,-1.5,800.0,19.900000000000002,,565,564,121.09694957334814,67351.75390212599,0.9973463078101432
dish,-1.5,800.0,20.000000000000004,,564,563,121.07867154264859,67341.27046620363,0.9973416047699101
dish,-1.5,800.0,20.1,,563,562,121.05831214668869,67329.62839505896,0.9973368850300386
dish,-1.5,800.0,20.200000000000003,,561,560,120.71297965587351,67136.92420281713,0.99732739509433
dish,-1.5,800.0,20.300000000000004,,560,559,120.68798960192005,67122.70442721061,0.9973226247183733
dish,-1.5,800.0,20.400000000000002,,559,558,120.66096353210831,67107.3512767645,0.9973178372825285
dish,-1.5,800.0,20.500000000000004,,558,557,120.63191506515703,67090.87233660195,0.9973130326951168
dish,-1.5,800.0,20.6,,557,556,120.60085769005126,67073.27511962548,0.9973082108638022
dish,-1.5,800.0,20.700000000000003,,556,555,120.56780476814136,67054.56706768528,0.9973033716955835
dish,-1.5,800.0,20.800000000000004,,555,554,120.53276953519804,67034.75555272333,0.9972985150967898
dish,-1.5,800.0,20.900000000000002,,553,552,120.16966030183119,66832.15653119487,0.9972887492294098
dish,-1.5,800.0,21.000000000000004,,552,551,120.1302158595058,66809.89067648904,0.9972838397700771
dish,-1.5,800.0,21.1,,551,550,120.08883160620464,66786.54503288964,0.9972789124986653
dish,-1.5,800.0,21.200000000000003,,550,549,120.04552027958427,66762.12669504054,0.9972739673180622
dish,-1.5,800.0,21.300000000000004,,549,548,120.00029450158297,66736.64269316742,0.9972690041304478
dish,-1.5,800.0,21.400000000000002,,548,547,119.95316678023329,66710.09999408679,0.9972640228372888
dish,-1.5,800.0,21.500000000000004,,547,546,119.90414951143762,66682.50550219456,0.9972590233393311
dish,-1.5,800.0,21.6,,546,545,119.85325498070871,66653.86606043488,0.9972540055365947
dish,-1.5,800.0,21.700000000000003,,544,544,119.47092052764941,66624.18845124972,0.9999999999999998
dish,-1.5,800.0,21.800000000000004,,543,542,119.41585285622007,66409.60423176631,0.9972388412888658
dish,-1.5,800.0,21.900000000000002,,542,541,119.35894754212904,66377.61908500176,0.9972337492524388
dish,-1.5,800.0,22.000000000000004,,541,540,119.30021643209898,66344.6176574314,0.9972286384001929
dish,-1.5,800.0,22.1,,540,539,119.23967127084147,66310.60649094205,0.9972235086276445
dish,-1.5,800.0,22.200000000000003,,539,538,119.17732370259928,66275.59207149196,0.9972183598295342
dish,-1.5,800.0,22.300000000000004,,538,537,119.11318527265861,66239.58082995277,0.9972131918998215
dish,-1.5,800.0,22.400000000000002,,537,536,119.04726742883258,66202.57914293536,0.9972080047316759
dish,-1.5,800.0,22.500000000000004,,536,535,118.97958152291615,66164.59333359974,0.9972027982174692
dish,-1.5,800.0,22.6,,535,534,118.91013881211305,66125.62967244966,0.9971975722487705
dish,-1.5,800.0,22.700000000000003,,534,533,118.83895046043635,66085.69437811214,0.9971923267163357
dish,-1.5,800.0,22.800000000000004,,533,532,118.7660275400819,66044.79361810209,0.9971870615101017
dish,-1.5,800.0,22.900000000000002,,531,530,118.3568821957787,65816.57235442701,0.9971764716318411
dish,-1.5,800.0,23.000000000000004,,530,529,118.28010895207028,65773.52861892615,0.9971711467355214
dish,-1.5,800.0,23.1,,529,528,118.20163707143527,65729.53943532908,0.9971658017168007
dish,-1.5,800.0,23.200000000000003,,528,527,118.12147726009208,65684.61076741866,0.9971604364614012
dish,-1.5,800.0,23.300000000000004,,527,526,118.03964013908758,65638.74853156581,0.9971550508541787
dish,-1.5,800.0,23.400000000000002,,526,525,117.95613624552294,65591.95859741163,0.9971496447791135
dish,-1.5,800.0,23.500000000000004,,525,524,117.8709760337568,65544.2467885375,0.9971442181193023
dish,-1.5,800.0,23.6,,524,523,117.78416987658703,65495.61888312284,0.9971387707569496
dish,-1.5,800.0,23.700000000000003,,523,522,117.69572806641058,65446.08061459098,0.9971333025733599
dish,-1.5,800.0,23.800000000000004,,522,521,117.60566081636291,65395.63767224341,0.9971278134489283
dish,-1.5,800.0,23.900000000000002,,521,520,117.51397826143695,65344.295701882744,0.9971223032631326
dish,-1.5,800.0,24.000000000000004,,520,519,117.4206904595818,65292.06030642448,0.997116771894523
dish,-1.5,800.0,24.1,,519,518,117.3258073927824,65238.93704649801,0.9971112192207146
dish,-1.5,800.0,24.200000000000003,,518,517,117.22933896811982,65184.931441037035,0.9971056451183783
dish,-1.5,800.0,24.300000000000004,,517,516,117.13129501881298,65130.048967859366,0.9971000494632309
dish,-1.5,800.0,24.400000000000002,,516,515,117.03168530524235,65074.29506423699,0.9970944321300254
dish,-1.5,800.0,24.500000000000004,,515,514,116.93051951595528,65017.67512745582,0.9970887929925445
dish,-1.5,800.0,24.6,,514,513,116.82780726865478,64960.19451536601,0.9970831319235871
dish,-1.5,800.0,24.700000000000003,,513,512,116.72355811117029,64901.85854692263,0.9970774487949624
dish,-1.5,800.0,24.800000000000004,,512,511,116.61778152241253,64842.67250271711,0.9970717434774771
dish,-1.5,800.0,24.900000000000002,,511,510,116.51048691331147,64782.64162549958,0.997066015840928
dish,-1.5,800.0,25.000000000000004,,510,509,116.40168362773883,64721.771120692436,0.9970602657540912
dish,-1.5,800.0,25.1,,509,508,116.29138094341457,64660.06615689497,0.9970544930847121
dish,-1.5,800.0,25.200000000000003,,508,507,116.17958807279821,64597.53186637971,0.9970486976994943
dish,-1.5,800.0,25.300000000000004,,507,506,116.0663141639653,64534.17334558038,0.9970428794640919
dish,-1.5,800.0,25.400000000000002,,506,505,115.95156830146908,64469.99565557153,0.9970370382430961
dish,-1.5,800.0,25.500000000000004,,505,504,115.83535950718802,64405.003822540595,0.9970311739000266
dish,-1.5,800.0,25.6,,504,503,115.71769674115889,64339.20283825159,0.9970252862973207
dish,-1.5,800.0,25.700000000000003,,503,502,115.59858890239676,64272.59766050168,0.9970193752963221
dish,-1.5,800.0,25.800000000000004,,502,501,115.47804482970093,64205.19321356989,0.9970134407572696
dish,-1.5,800.0,25.900000000000002,,501,500,115.35607330244795,64136.99438865872,0.9970074825392884
dish,-1.5,800.0,26.000000000000004,,500,499,115.23268304137187,64068.00604432842,0.9970015005003752
dish,-1.5,800.0,26.1,,499,498,115.1078827093316,63998.23300692435,0.9969954944973903
dish,-1.5,800.0,26.200000000000003,,498,497,114.98168091206614,63927.68007099738,0.9969894643860442
dish,-1.5,800.0,26.300000000000004,,497,496,114.85408619893731,63856.35199971763,0.9969834100208879
dish,-1.5,800.0,26.400000000000002,,496,495,114.72510706366124,63784.25352528141,0.9969773312552979
dish,-1.5,800.0,26.500000000000004,,495,494,114.59475194502767,63711.38934931203,0.9969712279414685
dish,-1.5,800.0,26.6,,494,493,114.46302922760808,63637.76414325388,0.9969650999303966
dish,-1.5,800.0,26.700000000000003,,493,492,114.3299472424526,63563.38254876058,0.9969589470718716
dish,-1.5,800.0,26.800000000000004,,492,491,114.1955142677762,63488.249178076956,0.9969527692144614
dish,-1.5,800.0,26.900000000000002,,491,490,114.0597385296338,63412.36861441496,0.9969465662055013
dish,-1.5,800.0,27.000000000000004,,490,489,113.92262820258526,63335.745412324,0.9969403378910816
dish,-1.5,800.0,27.1,,489,488,113.78419141034978,63258.38409805516,0.9969340841160328
dish,-1.5,800.0,27.200000000000003,,488,487,113.64443622645031,63180.289169920215,0.9969278047239161
dish,-1.5,800.0,27.300000000000004,,487,486,113.50337067484826,63101.46509864478,0.9969214995570063
dish,-1.5,800.0,27.400000000000002,,486,485,113.36100273056817,63021.916327716404,0.9969151684562825
dish,-1.5,800.0,27.500000000000004,,485,484,113.21734032031321,62941.64727372702,0.9969088112614121
dish,-1.5,800.0,27.6,,484,484,113.07239132307117,63055.98278535307,0.9999999999999998
dish,-1.5,800.0,27.700000000000003,,484,483,113.27704740242677,62974.43737424388,0.9969024278107385
dish,-1.5,800.0,27.800000000000004,,483,482,113.12981777324863,62892.1831937564,0.9968960179412665
dish,-1.5,800.0,27.900000000000002,,482,481,112.9813220917136,62809.224559839786,0.9968895814886495
dish,-1.5,800.0,28.000000000000004,,481,480,112.83156805823833,62725.56576313612,0.9968831182871744
dish,-1.5,800.0,28.1,,480,479,112.68056332833403,62641.21106929397,0.9968766281697486
dish,-1.5,800.0,28.200000000000003,,479,478,112.52831551316117,62556.164719277236,0.9968701109678845
dish,-1.5,800.0,28.300000000000004,,478,477,112.374832180076,62470.430929669456,0.9968635665116848
dish,-1.5,800.0,28.400000000000002,,477,476,112.22012085316909,62384.01389297369,0.9968569946298286
dish,-1.5,800.0,28.500000000000004,,476,475,112.06418901379622,62296.9177779082,0.996850395149557
dish,-1.5,800.0,28.6,,475,474,111.90704410110126,62209.14672969748,0.9968437678966553
dish,-1.5,800.0,28.700000000000003,,474,473,111.74869351253176,62120.7048703595,0.9968371126954411
dish,-1.5,800.0,28.800000000000004,,473,473,111.58914460434721,62228.83498677984,0.9999999999999998
dish,-1.5,800.0,28.900000000000002,,473,472,111.78270788009854,62139.19672035834,0.9968304293687459
dish,-1.5,800.0,29.000000000000004,,472,471,111.62102092005377,62048.89833546403,0.9968237177379008
dish,-1.5,800.0,29.1,,471,470,111.45815471794128,61957.94386714381,0.9968169776227213
dish,-1.5,800.0,29.200000000000003,,470,469,111.29411647564082,61866.33732856937,0.9968102088414885
dish,-1.5,800.0,29.300000000000004,,469,468,111.1289133562006,61774.08271130107,0.9968034112109369
dish,-1.5,800.0,29.400000000000002,,468,467,110.9625524843048,61681.183985548116,0.9967965845462327
dish,-1.5,800.0,29.500000000000004,,467,466,110.79504094673416,61587.64510042519,0.9967897286609616
dish,-1.5,800.0,29.6,,466,465,110.62638579282056,61493.469984205476,0.9967828433671102
dish,-1.5,800.0,29.700000000000003,,465,464,110.45659403489506,61398.662544570216,0.9967759284750471
dish,-1.5,800.0,29.800000000000004,,465,464,110.64239163304674,61501.940435131495,0.9967759284750471
dish,-1.5,800.0,29.900000000000002,,464,463,110.4705607460856,61405.99828613167,0.9967689837935085
dish,-1.5,1600.0,0.1,,439,438,2.4719704749970806,1373.8122565219498,0.9965850900653835
dish,-1.5,1600.0,0.2,,439,438,3.4958941715267335,1942.8639253277267,0.9965850900653833
dish,-1.5,1600.0,0.30000000000000004,,438,437,4.266957252694741,2371.3682655424873,0.9965772979233979
dish,-1.5,1600.0,0.4,,438,437,4.92705783692787,2738.220212917381,0.9965772979233974
dish,-1.5,1600.0,0.5,,438,437,5.508618126221895,3061.423266723607,0.9965772979233977
dish,-1.5,1600.0,0.6,,438,437,6.0343888168271445,3353.621162511348,0.9965772979233977
dish,-1.5,1600.0,0.7000000000000001,,437,436,6.4955760878060165,3609.89836556249,0.9965694701398836
dish,-1.5,1600.0,0.8,,437,436,6.9440629286547315,3859.1436814314484,0.9965694701398836
dish,-1.5,1600.0,0.9,,437,436,7.365290978756816,4093.240000070092,0.9965694701398836
dish,-1.5,1600.0,1.0,,436,435,7.737064775156313,4299.818325587153,0.9965616064697417
dish,-1.5,1600.0,1.1,,436,435,8.114701995049545,4509.687505399972,0.9965616064697419
dish,-1.5,1600.0,1.2000000000000002,,436,435,8.475529812463499,4710.214980196353,0.9965616064697417
dish,-1.5,1600.0,1.3000000000000003,,435,434,8.791278948435279,4885.651571532582,0.9965537066656207
dish,-1.5,1600.0,1.4000000000000001,,435,434,9.123141318346683,5070.080244379866,0.9965537066656208
dish,-1.5,1600.0,1.5000000000000002,,435,434,9.443348425206372,5248.031639622919,0.9965537066656208
dish,-1.5,1600.0,1.6,,434,433,9.719436450135843,5401.421350207158,0.9965457704778916
dish,-1.5,1600.0,1.7000000000000002,,434,433,10.018565776347112,5567.657688842619,0.9965457704778916
dish,-1.5,1600.0,1.8000000000000003,,434,433,10.309019134804139,5729.072497165918,0.9965457704778918
dish,-1.5,1600.0,1.9000000000000001,,433,432,10.554924810950821,5865.683715024815,0.9965377976546194
dish,-1.5,1600.0,2.0,,433,432,10.829124363922032,6018.064511793882,0.9965377976546187
dish,-1.5,1600.0,2.1,,433,432,11.096550419556259,6166.681075872061,0.9965377976546194
dish,-1.5,1600.0,2.2,,432,431,11.31835885945929,6289.896026756122,0.9965297879415379
dish,-1.5,1600.0,2.3000000000000003,,432,431,11.572735763706381,6431.259655457921,0.9965297879415381
dish,-1.5,1600.0,2.4000000000000004,,431,430,11.780616678480012,6546.7314315933345,0.9965217410820238
dish,-1.5,1600.0,2.5000000000000004,,431,430,12.02354154899884,6681.7297876850425,0.9965217410820238
dish,-1.5,1600.0,2.6,,431,430,12.261654596167743,6814.054114392043,0.9965217410820241
dish,-1.5,1600.0,2.7,,430,429,12.451769261524419,6919.648615321917,0.996513656817067
dish,-1.5,1600.0,2.8000000000000003,,430,429,12.680261150457783,7046.625236046455,0.996513656817067
dish,-1.5,1600.0,2.9000000000000004,,429,428,12.859717735302205,7146.293903717396,0.9965055348852433
dish,-1.5,1600.0,3.0000000000000004,,429,428,13.079557894760528,7268.461623387983,0.9965055348852435
dish,-1.5,1600.0,3.1,,429,428,13.29576358142468,7388.6096244841165,0.9965055348852433
dish,-1.5,1600.0,3.2,,428,427,13.461304292717013,7480.541257944643,0.9964973750226878
dish,-1.5,1600.0,3.3000000000000003,,428,427,13.670019131315492,7596.525558375762,0.9964973750226882
dish,-1.5,1600.0,3.4000000000000004,,427,426,13.826993859216191,7683.694302899652,0.9964891769630652
dish,-1.5,1600.0,3.5000000000000004,,427,426,14.02885846200618,7795.870956350662,0.9964891769630652
dish,-1.5,1600.0,3.6,,427,426,14.227859301778409,7906.456209689077,0.9964891769630652
dish,-1.5,1600.0,3.7,,426,425,14.373474392962848,7987.308851975363,0.996480940437539
dish,-1.5,1600.0,3.8000000000000003,,426,425,14.566415568248757,8094.525848725028,0.996480940437539
dish,-1.5,1600.0,3.9000000000000004,,425,424,14.704904132321433,8171.415786386989,0.9964726651747472
dish,-1.5,1600.0,4.0,,425,424,14.892235303993202,8275.514451683039,0.9964726651747469
dish,-1.5,1600.0,4.1,,424,423,15.024056638695775,8348.697016306704,0.9964643509007662
dish,-1.5,1600.0,4.2,,424,423,15.206173065387384,8449.897038691117,0.9964643509007665
dish,-1.5,1600.0,4.3,,424,423,15.386134040306773,8549.899301095496,0.9964643509007662
dish,-1.5,1600.0,4.3999999999999995,,423,422,15.50898543847001,8618.094174855456,0.9964559973390856
dish,-1.5,1600.0,4.5,,423,422,15.68423377434136,8715.476861074223,0.9964559973390854
dish,-1.5,1600.0,4.6,,422,421,15.801346302763749,8780.480454170514,0.9964476042105745
dish,-1.5,1600.0,4.7,,422,421,15.972176632897327,8875.407325968457,0.9964476042105745
dish,-1.5,1600.0,4.8,,421,420,16.08385915435469,8937.391348933355,0.9964391712334527
dish,-1.5,1600.0,4.9,,421,420,16.250535721655737,9030.009277029485,0.9964391712334529
dish,-1.5,1600.0,5.0,,420,419,16.357067153699248,9089.128794533914,0.9964306981232567
dish,-1.5,1600.0,5.1,,420,419,16.51982804959057,9179.570114580421,0.9964306981232567
dish,-1.5,1600.0,5.2,,420,419,16.681000920372014,9269.129016977298,0.9964306981232565
dish,-1.5,1600.0,5.3,,419,418,16.780522063456594,9324.350245884298,0.99642218459281
dish,-1.5,1600.0,5.4,,419,418,16.938089107764537,9411.904751207798,0.99642218459281
dish,-1.5,1600.0,5.5,,418,417,17.03304392245557,9464.586572780943,0.9964136303521886
dish,-1.5,1600.0,5.6,,418,417,17.187192258296626,9550.240685824965,0.9964136303521886
dish,-1.5,1600.0,5.7,,417,416,17.277782761939832,9600.49541741171,0.9964050351086899
dish,-1.5,1600.0,5.8,,417,416,17.428683293055766,9684.344130954676,0.9964050351086899
dish,-1.5,1600.0,5.9,,416,415,17.515095138852914,9732.274993136845,0.9963963985667986
dish,-1.5,1600.0,6.0,,416,415,17.66290446938573,9814.405352115362,0.9963963985667988
dish,-1.5,1600.0,6.1,,415,415,17.74530880959162,9895.854095995177,0.9999999999999996
dish,-1.5,1600.0,6.2,,415,414,17.89017087693491,9940.599513449224,0.9963877204281529
dish,-1.5,1600.0,6.3,,415,414,18.033869337002812,10020.444968926458,0.9963877204281529
dish,-1.5,1600.0,6.4,,414,413,18.110773434172028,10063.088343300284,0.9963790003915092
dish,-1.5,1600.0,6.5,,414,413,18.251715430916622,10141.401495948188,0.9963790003915087
dish,-1.5,1600.0,6.6,,413,412,18.324981470172506,10182.021569274559,0.9963702381527079
dish,-1.5,1600.0,6.7,,413,412,18.463285179177973,10258.868105272233,0.9963702381527079
dish,-1.5,1600.0,6.8,,412,411,18.533044959947222,10297.538160729202,0.9963614334046401
dish,-1.5,1600.0,6.9,,412,411,18.668819998246974,10372.979009288507,0.9963614334046401
dish,-1.5,1600.0,7.0,,411,410,18.7351964686677,10409.767409457492,0.9963525858372076
dish,-1.5,1600.0,7.1,,411,410,18.868544745569874,10483.859215717708,0.9963525858372079
dish,-1.5,1600.0,7.2,,410,409,18.931652849967193,10518.829873681556,0.9963436951372908
dish,-1.5,1600.0,7.3,,410,409,19.062669311857192,10591.625412676187,0.9963436951372908
dish,-1.5,1600.0,7.4,,409,409,19.122616735423637,10663.924036368622,0.9999999999999998
dish,-1.5,1600.0,7.5,,409,408,19.251390020274922,10696.386746416227,0.9963347609887072
dish,-1.5,1600.0,7.6,,409,408,19.37930764025323,10767.459865475585,0.9963347609887073
dish,-1.5,1600.0,7.7,,408,407,19.434890860515047,10798.245507286229,0.9963257830721791
dish,-1.5,1600.0,7.8,,408,407,19.560684347604678,10868.137793616026,0.9963257830721791
dish,-1.5,1600.0,7.9,,407,406,19.613344581038536,10897.29773685766,0.9963167610652903
dish,-1.5,1600.0,8.0,,407,406,19.73708930753786,10966.051086010197,0.9963167610652903
dish,-1.5,1600.0,8.1,,406,405,19.78691365898995,10993.633767057157,0.9963076946424518
dish,-1.5,1600.0,8.2,,406,405,19.908680430802868,11061.287536481672,0.9963076946424521
dish,-1.5,1600.0,8.3,,405,404,19.955751164186022,11087.338700420545,0.9962985834748607
dish,-1.5,1600.0,8.4,,405,404,20.075606603165628,11153.92992197473,0.9962985834748607
dish,-1.5,1600.0,8.5,,404,403,20.120001531037442,11178.492839172233,0.9962894272304595
dish,-1.5,1600.0,8.6,,404,403,20.238008417003424,11244.056409220118,0.9962894272304595
dish,-1.5,1600.0,8.7,,403,402,20.279801250165633,11267.172069667655,0.9962802255738987
dish,-1.5,1600.0,8.8,,403,402,20.396018827682155,11331.740919591064,0.9962802255738983
dish,-1.5,1600.0,8.9,,402,401,20.435279489737006,11353.44820776944,0.9962709781664922
dish,-1.5,1600.0,9.0,,402,401,20.5497637439958,11417.05345730787,0.996270978166492
dish,-1.5,1600.0,9.1,,401,401,20.586558655088186,11480.306315057456,0.9999999999999996
dish,-1.5,1600.0,9.2,,401,400,20.69936256062207,11500.0604054123,0.9962616846661789
dish,-1.5,1600.0,9.3,,401,400,20.81155504936571,11562.391812662489,0.9962616846661791
dish,-1.5,1600.0,9.4,,400,399,20.844928639436013,11580.824793314649,0.9962523447274789
dish,-1.5,1600.0,9.5,,400,399,20.955512591242528,11642.261960741585,0.9962523447274789
dish,-1.5,1600.0,9.6,,399,398,20.986569745587083,11659.40653919598,0.9962429580014506
dish,-1.5,1600.0,9.700000000000001,,399,398,21.09559162073815,11719.975292425368,0.9962429580014508
dish,-1.5,1600.0,9.8,,398,397,21.124388443453913,11735.862670108298,0.9962335241356485
dish,-1.5,1600.0,9.9,,398,397,21.231892386816035,11795.587547785597,0.9962335241356488
dish,-1.5,1600.0,10.0,,397,396,21.25848245691972,11810.24752224216,0.9962240427740774
dish,-1.5,1600.0,10.1,,397,396,21.36451045858236,11869.151865318488,0.9962240427740776
dish,-1.5,1600.0,10.200000000000001,,396,395,21.388944997839868,11882.612923513736,0.9962145135571491
dish,-1.5,1600.0,10.3,,396,395,21.49353703964852,11940.71895669198,0.9962145135571489
dish,-1.5,1600.0,10.4,,395,394,21.51586506608503,11953.008360351958,0.9962049361216357
dish,-1.5,1600.0,10.5,,395,394,21.619059255556575,12010.337266519782,0.9962049361216357
dish,-1.5,1600.0,10.6,,394,393,21.63932772412487,12021.481130333803,0.9961953101006246
dish,-1.5,1600.0,10.700000000000001,,394,393,21.741160417050626,12078.053118709086,0.9961953101006248
dish,-1.5,1600.0,10.8,,393,392,21.759414348757588,12088.0764821159,0.9961856351234709
dish,-1.5,1600.0,10.9,,393,392,21.85992026164255,12143.910850743,0.9961856351234711
dish,-1.5,1600.0,11.0,,392,391,21.876202862280383,12152.837743938107,0.9961759108157502
dish,-1.5,1600.0,11.1,,392,391,21.97541517563176,12207.95293709802,0.9961759108157502
dish,-1.5,1600.0,11.200000000000001,,392,391,22.07418158417496,12262.82041776335,0.9961759108157502
dish,-1.5,1600.0,11.3,,391,390,22.08771839848857,12270.220102858077,0.9961661367992097
dish,-1.5,1600.0,11.4,,391,390,22.185236393180322,12324.393523456332,0.9961661367992097
dish,-1.5,1600.0,11.5,,390,389,22.19690021129326,12330.751428465675,0.9961563126917203
dish,-1.5,1600.0,11.6,,390,389,22.29319957976128,12384.247347445084,0.9961563126917203
dish,-1.5,1600.0,11.700000000000001,,389,388,22.303028110734065,12389.584446445704,0.9961464381072249
dish,-1.5,1600.0,11.8,,389,388,22.39813740408712,12442.418734946303,0.9961464381072251
dish,-1.5,1600.0,11.9,,388,387,22.40616697000184,12446.755230845536,0.9961365126556905
dish,-1.5,1600.0,12.0,,388,387,22.50011357478565,12498.943112694255,0.9961365126556907
dish,-1.5,1600.0,12.1,,387,386,22.506379187775014,12502.29848005484,0.9961265359430547
dish,-1.5,1600.0,12.200000000000001,,387,386,22.599189392607713,12553.85456880339,0.9961265359430548
dish,-1.5,1600.0,12.3,,386,385,22.603724826361297,12556.247593597955,0.9961165075711734
dish,-1.5,1600.0,12.4,,386,385,22.69542388372256,12607.185926867025,0.9961165075711732
dish,-1.5,1600.0,12.5,,385,384,22.698261739951406,12608.634743429819,0.99610642713777
dish,-1.5,1600.0,12.6,,385,384,22.788873923550163,12658.968814795751,0.99610642713777
dish,-1.5,1600.0,12.700000000000001,,384,383,22.790045693841876,12659.49094021181,0.996096294236379
dish,-1.5,1600.0,12.8,,384,383,22.879594351943965,12709.23372884772,0.996096294236379
dish,-1.5,1600.0,12.9,,383,382,22.879130475397062,12708.846094995652,0.9960861084562942
dish,-1.5,1600.0,13.0,,383,382,22.967638080456123,12758.010093257815,0.9960861084562942
dish,-1.5,1600.0,13.1,,383,382,23.055805921272707,12806.985360070117,0.9960861084562942
dish,-1.5,1600.0,13.200000000000001,,382,381,23.053056192344805,12805.326315832206,0.9960758693825096
dish,-1.5,1600.0,13.3,,382,381,23.140213615470024,12853.739820516941,0.9960758693825098
dish,-1.5,1600.0,13.4,,381,380,23.13589803591887,12851.209839839363,0.9960655765956671
dish,-1.5,1600.0,13.5,,381,380,23.222065552185274,12899.072984429566,0.9960655765956671
dish,-1.5,1600.0,13.6,,380,379,23.216211311758432,12895.68719249671,0.9960552296719957
dish,-1.5,1600.0,13.700000000000001,,380,379,23.30140870380104,12943.01097425612,0.9960552296719957
dish,-1.5,1600.0,13.8,,379,378,23.294042154298577,12938.784030323908,0.9960448281832555
dish,-1.5,1600.0,13.9,,379,378,23.37828851302974,12985.579062020997,0.9960448281832555
dish,-1.5,1600.0,14.0,,378,377,23.369435208218523,12980.525181608522,0.9960343716966777
dish,-1.5,1600.0,14.1,,378,377,23.452748966974365,13026.801710496322,0.996034371696678
dish,-1.5,1600.0,14.200000000000001,,377,376,23.442433700037657,13020.934686207293,0.9960238597749059
dish,-1.5,1600.0,14.3,,377,376,23.524832666575644,13066.70261180882,0.9960238597749057
dish,-1.5,1600.0,14.4,,376,375,23.513079505283823,13060.035832886027,0.9960132919759319
dish,-1.5,1600.0,14.5,,376,375,23.594580891794827,13105.304723676129,0.9960132919759321
dish,-1.5,1600.0,14.6,,375,375,23.58141321156633,13150.417782129532,1.0
dish,-1.5,1600.0,14.700000000000001,,375,374,23.662033662850256,13142.630303449463,0.9960026678530384
dish,-1.5,1600.0,14.8,,375,374,23.7423803581082,13187.257359894615,0.9960026678530384
dish,-1.5,1600.0,14.9,,374,373,23.727229797798014,13178.700940123988,0.9959919869547317
dish,-1.5,1600.0,15.0,,374,373,23.806718227479358,13222.850815684587,0.9959919869547317
dish,-1.5,1600.0,15.1,,373,372,23.790206966722153,13213.537584464446,0.9959812488246803
dish,-1.5,1600.0,15.200000000000001,,373,372,23.868852493518677,13257.21881958903,0.9959812488246805
dish,-1.5,1600.0,15.3,,372,371,23.851001742777132,13247.160577380986,0.9959704530016498
dish,-1.5,1600.0,15.4,,372,371,23.928819247221664,13290.381444505361,0.9959704530016498
dish,-1.5,1600.0,15.5,,371,370,23.909649650305074,13279.589676678865,0.9959595990194354
dish,-1.5,1600.0,15.6,,371,370,23.98665355223972,13322.358192159065,0.9959595990194352
dish,-1.5,1600.0,15.700000000000001,,370,369,23.966185210231753,13310.844082295398,0.9959486864067955
dish,-1.5,1600.0,15.8,,370,369,24.042389489055193,13353.168017662028,0.9959486864067955
dish,-1.5,1600.0,15.9,,369,368,24.02064198292869,13340.942460128364,0.9959377146873848
dish,-1.5,1600.0,16.0,,369,368,24.096060196706574,13382.829352708983,0.995937714687385
dish,-1.5,1600.0,16.1,,368,368,24.073052608713546,13424.585552001317,0.9999999999999998
dish,-1.5,1600.0,16.200000000000003,,368,367,24.147697912229376,13411.360127504096,0.9959266833796834
dish,-1.5,1600.0,16.3,,368,367,24.222113182352267,13452.68953249463,0.9959266833796834
dish,-1.5,1600.0,16.400000000000002,,367,366,24.197334007964884,13438.777791502318,0.9959155919969259
dish,-1.5,1600.0,16.500000000000004,,367,366,24.27099425143802,13479.687407569012,0.9959155919969259
dish,-1.5,1600.0,16.6,,366,365,24.244999026877434,13465.099333043623,0.9959044400470317
dish,-1.5,1600.0,16.700000000000003,,366,365,24.31791648182431,13505.595963828551,0.9959044400470317
dish,-1.5,1600.0,16.8,,365,364,24.290722716009576,13490.341297952144,0.9958932270325315
dish,-1.5,1600.0,16.900000000000002,,365,364,24.36290927252365,13530.431553638811,0.9958932270325315
dish,-1.5,1600.0,17.000000000000004,,364,363,24.33453405819504,13514.51980716674,0.995881952450492
dish,-1.5,1600.0,17.1,,364,363,24.40600127244945,13554.210112322962,0.9958819524504918
dish,-1.5,1600.0,17.200000000000003,,363,362,24.37646130213999,13537.650573464542,0.9958706157924425
dish,-1.5,1600.0,17.3,,363,362,24.44722040976542,13576.947174478537,0.9958706157924427
dish,-1.5,1600.0,17.400000000000002,,363,362,24.51777530512453,13616.13036467912,0.9958706157924425
dish,-1.5,1600.0,17.500000000000004,,362,361,24.486593919751886,13598.657889469669,0.9958592165442981
dish,-1.5,1600.0,17.6,,362,361,24.55645595592632,13637.455851020031,0.9958592165442981
dish,-1.5,1600.0,17.700000000000003,,361,360,24.524148371280244,13619.357036145611,0.9958477541862805
dish,-1.5,1600.0,17.8,,361,360,24.59332805277379,13657.77560904133,0.9958477541862805
dish,-1.5,1600.0,17.900000000000002,,360,359,24.559909691980664,13639.059036832807,0.9958362281928407
dish,-1.5,1600.0,18.000000000000004,,360,359,24.628417244000982,13677.103905816146,0.9958362281928409
dish,-1.5,1600.0,18.1,,359,358,24.59390319218169,13657.777970644216,0.9958246380325789
dish,-1.5,1600.0,18.200000000000003,,359,358,24.66174857126511,13695.454671109967,0.9958246380325786
dish,-1.5,1600.0,18.3,,358,357,24.62615358769494,13675.527586146634,0.9958129831681604
dish,-1.5,1600.0,18.400000000000002,,358,357,24.693346491813667,13712.841509760274,0.9958129831681604
dish,-1.5,1600.0,18.500000000000004,,358,357,24.76035705325738,13750.054173862416,0.9958129831681604
dish,-1.5,1600.0,18.6,,357,356,24.723234899695292,13729.27771346894,0.9958012630562354
dish,-1.5,1600.0,18.700000000000003,,357,356,24.789606119519473,13766.134901164838,0.9958012630562354
dish,-1.5,1600.0,18.8,,356,355,24.75143714597567,13744.776272041574,0.9957894771473533
dish,-1.5,1600.0,18.900000000000002,,356,355,24.817178130679178,13781.28304622702,0.9957894771473533
dish,-1.5,1600.0,19.000000000000004,,355,354,24.777976058015646,13759.349884105428,0.995777624885876
dish,-1.5,1600.0,19.1,,355,354,24.843095686892134,13795.511181377522,0.9957776248858762
dish,-1.5,1600.0,19.200000000000003,,354,353,24.802873957864513,13773.010967335535,0.9957657057098926
dish,-1.5,1600.0,19.300000000000004,,354,353,24.867380891142933,13808.831602517661,0.9957657057098929
dish,-1.5,1600.0,19.400000000000002,,354,353,24.931720923366843,13844.559557712048,0.9957657057098929
dish,-1.5,1600.0,19.500000000000004,,353,352,24.890055366429692,13821.25633867561,0.9957537190511293
dish,-1.5,1600.0,19.6,,353,352,24.953794408991428,13856.650138852352,0.9957537190511291
dish,-1.5,1600.0,19.700000000000003,,352,351,24.911140272180774,13832.797161133683,0.9957416643348579
dish,-1.5,1600.0,19.800000000000004,,352,351,24.97428648317748,13867.861342004884,0.9957416643348579
dish,-1.5,1600.0,19.900000000000002,,351,350,24.930656319945847,13843.465592152193,0.9957295409798066
dish,-1.5,1600.0,20.000000000000004,,351,350,24.993217663782342,13878.204581759395,0.9957295409798066
dish,-1.5,1600.0,20.1,,350,349,24.948623788400415,13853.272913311643,0.9957173483980651
dish,-1.5,1600.0,20.200000000000003,,350,349,25.010608042413406,13887.691035708007,0.9957173483980651
dish,-1.5,1600.0,20.300000000000004,,350,349,25.07243905900121,13922.024069648603,0.9957173483980651
dish,-1.5,1600.0,20.400000000000002,,349,348,25.026477298492438,13896.331652264706,0.9957050859949899
dish,-1.5,1600.0,20.500000000000004,,349,348,25.087741716475882,13930.349650907776,0.9957050859949899
dish,-1.5,1600.0,20.6,,348,347,25.04084471272018,13904.137158151478,0.9956927531691064
dish,-1.5,1600.0,20.700000000000003,,348,347,25.101549879894097,13937.844206786542,0.9956927531691067
dish,-1.5,1600.0,20.800000000000004,,347,346,25.05372917997262,13911.118065568466,0.9956803493120131
dish,-1.5,1600.0,20.900000000000002,,347,346,25.113882277795028,13944.518157020164,0.9956803493120131
dish,-1.5,1600.0,21.000000000000004,,346,345,25.065149221658388,13917.284679064525,0.9956678738082784
dish,-1.5,1600.0,21.1,,346,345,25.12475727069147,13950.381716717115,0.9956678738082783
dish,-1.5,1600.0,21.200000000000003,,346,345,25.184224234991355,13983.400417856394,0.9956678738082786
dish,-1.5,1600.0,21.300000000000004,,345,344,25.13419286268748,13955.44490281842,0.9956553260353419
dish,-1.5,1600.0,21.400000000000002,,345,344,25.193124228140885,13988.16580331146,0.9956553260353419
dish,-1.5,1600.0,21.500000000000004,,344,343,25.142206712622343,13959.717540293641,0.9956427053634088
dish,-1.5,1600.0,21.6,,344,343,25.20060912978559,13992.144337853144,0.995642705363409
dish,-1.5,1600.0,21.700000000000003,,343,342,25.148816144764563,13963.209268086735,0.995630011155345
dish,-1.5,1600.0,21.800000000000004,,343,342,25.206696120389793,13995.345580485486,0.9956300111553452
dish,-1.5,1600.0,21.900000000000002,,343,342,25.264443495319195,14027.408269885276,0.9956300111553457
dish,-1.5,1600.0,22.000000000000004,,342,341,25.211402060620994,13997.778912400689,0.9956172427665708
dish,-1.5,1600.0,22.1,,342,341,25.26863573713872,14029.555976933338,0.9956172427665706
dish,-1.5,1600.0,22.200000000000003,,341,340,25.214743501028224,13999.453542360317,0.9956043995449494
dish,-1.5,1600.0,22.300000000000004,,341,340,25.271469654840807,14030.948415782437,0.9956043995449496
dish,-1.5,1600.0,22.400000000000002,,340,339,25.216736691342334,14000.378511866347,0.9955914808306793
dish,-1.5,1600.0,22.500000000000004,,340,339,25.272961369150323,14031.594556220329,0.9955914808306795
dish,-1.5,1600.0,22.6,,339,339,25.217397589416617,14062.741308321605,0.9999999999999998
dish,-1.5,1600.0,22.700000000000003,,339,338,25.273126712831072,14031.503207923372,0.9955784859561786
dish,-1.5,1600.0,22.800000000000004,,339,338,25.328733219466706,14062.375639542335,0.9955784859561786
dish,-1.5,1600.0,22.900000000000002,,338,337,25.271981239130948,14030.68302515212,0.9955654142459703
dish,-1.5,1600.0,23.000000000000004,,338,337,25.32710012955701,14061.284333096619,0.9955654142459706
dish,-1.5,1600.0,23.1,,337,336,25.269540229907783,14029.142511269478,0.995552265016568
dish,-1.5,1600.0,23.200000000000003,,337,336,25.324177137435374,14059.475827788328,0.995552265016568
dish,-1.5,1600.0,23.300000000000004,,337,336,25.378696419349072,14089.743840922738,0.995552265016568
dish,-1.5,1600.0,23.400000000000002,,336,335,25.319979148675486,14056.958417772681,0.9955390375763514
dish,-1.5,1600.0,23.500000000000004,,336,335,25.374023989566112,14086.962632098202,0.9955390375763513
dish,-1.5,1600.0,23.6,,335,334,25.314520816102444,14053.740256671836,0.9955257312254515
dish,-1.5,1600.0,23.700000000000003,,335,334,25.368096581463583,14083.4836555656,0.9955257312254515
dish,-1.5,1600.0,23.800000000000004,,334,333,25.30781654692356,14049.829361539798,0.9955123452556216
dish,-1.5,1600.0,23.900000000000002,,334,333,25.360928497360927,14079.314870071126,0.9955123452556216
dish,-1.5,1600.0,24.000000000000004,,334,333,25.4139294506727,14108.73875769291,0.9955123452556217
dish,-1.5,1600.0,24.1,,333,332,25.352533803827377,14074.464103279093,0.9954988789501154
dish,-1.5,1600.0,24.200000000000003,,333,332,25.405077971704333,14103.634008360108,0.9954988789501154
dish,-1.5,1600.0,24.300000000000004,,332,331,25.342926338196527,14068.93905539424,0.9954853315835567
dish,-1.5,1600.0,24.400000000000002,,332,331,25.39501873918255,14097.857768448182,0.9954853315835567
dish,-1.5,1600.0,24.500000000000004,,331,330,25.33211971484952,14062.747302655436,0.99547170242181
dish,-1.5,1600.0,24.6,,331,330,25.383765272466203,14091.417561372178,0.9954717024218103
dish,-1.5,1600.0,24.700000000000003,,331,330,25.435305965681938,14120.029606185453,0.99547170242181
dish,-1.5,1600.0,24.800000000000004,,330,329,25.371330876659602,14084.320791417278,0.9954579907218497
dish,-1.5,1600.0,24.900000000000002,,330,329,25.422431292734363,14112.688032224263,0.9954579907218499
dish,-1.5,1600.0,25.000000000000004,,329,328,25.357728648368877,14076.5747469396,0.9954441957316216
dish,-1.5,1600.0,25.1,,329,328,25.408393491386363,14104.699799449909,0.9954441957316214
dish,-1.5,1600.0,25.200000000000003,,329,328,25.45895750854583,14132.768881540058,0.9954441957316214
dish,-1.5,1600.0,25.300000000000004,,328,327,25.393205368969642,14096.072035385601,0.9954303166899064
dish,-1.5,1600.0,25.400000000000002,,328,327,25.44334007793361,14123.902412006457,0.9954303166899064
dish,-1.5,1600.0,25.500000000000004,,327,326,25.37687953757168,14086.811758995003,0.9954163528261835
dish,-1.5,1600.0,25.6,,327,326,25.42658943739049,14114.40593188255,0.9954163528261837
dish,-1.5,1600.0,25.700000000000003,,326,326,25.359428419141096,14141.946262327638,0.9999999999999996
dish,-1.5,1600.0,25.800000000000004,,326,325,25.408717928074257,14104.28630949835,0.9954023033604825
dish,-1.5,1600.0,25.900000000000002,,326,325,25.457912006905495,14131.593762575358,0.9954023033604825
dish,-1.5,1600.0,26.000000000000004,,325,324,25.389737708074243,14093.55031139446,0.9953881675032414
dish,-1.5,1600.0,26.1,,325,324,25.438517268333214,14120.62728219983,0.9953881675032417
dish,-1.5,1600.0,26.200000000000003,,324,323,25.369660757109468,14082.204604934524,0.9953739444551594
dish,-1.5,1600.0,26.300000000000004,,324,323,25.41803003030321,14109.053446479056,0.9953739444551593
dish,-1.5,1600.0,26.400000000000002,,324,323,25.466307433783395,14135.851292934785,0.9953739444551593
dish,-1.5,1600.0,26.500000000000004,,323,322,25.39646202496674,14096.878785132172,0.9953596334070436
dish,-1.5,1600.0,26.6,,323,322,25.44433475741526,14123.451624521233,0.9953596334070436
dish,-1.5,1600.0,26.700000000000003,,322,321,25.373824816942737,14084.109734727717,0.9953452335396566
dish,-1.5,1600.0,26.800000000000004,,322,321,25.421296934810265,14110.45982274991,0.9953452335396564
dish,-1.5,1600.0,26.900000000000002,,322,321,25.468680567604764,14136.760795848066,0.9953452335396564
dish,-1.5,1600.0,27.000000000000004,,321,320,25.39720529802419,14096.882194887345,0.9953307440235618
dish,-1.5,1600.0,27.1,,321,320,25.444193692125427,14122.963405335473,0.9953307440235618
dish,-1.5,1600.0,27.200000000000003,,320,319,25.372071021578364,14082.724960608803,0.9953161640189618
dish,-1.5,1600.0,27.300000000000004,,320,319,25.41866806913831,14108.588572775308,0.9953161640189621
dish,-1.5,1600.0,27.400000000000002,,320,319,25.465179851987028,14134.404858908552,0.9953161640189621
dish,-1.5,1600.0,27.500000000000004,,319,318,25.392114654443795,14093.642396237103,0.9953014926755381
dish,-1.5,1600.0,27.6,,319,318,25.438240241333144,14119.24394757624,0.9953014926755379
dish,-1.5,1600.0,27.700000000000003,,318,317,25.364544255545788,14078.130891335979,0.9952867291322828
dish,-1.5,1600.0,27.800000000000004,,318,317,25.41028738423934,14103.519786426667,0.9952867291322831
dish,-1.5,1600.0,27.900000000000002,,318,317,25.45594831483842,14128.86305895377,0.9952867291322831
dish,-1.5,1600.0,28.000000000000004,,317,316,25.381331882278822,14087.238276580705,0.9952718725173347
dish,-1.5,1600.0,28.1,,317,316,25.426615293629528,14112.371638716015,0.9952718725173347
dish,-1.5,1600.0,28.200000000000003,,316,315,25.351384197277483,14070.405241458777,0.9952569219478036
dish,-1.5,1600.0,28.300000000000004,,316,315,25.396293681898833,14095.33069100781,0.9952569219478034
dish,-1.5,1600.0,28.400000000000002,,316,315,25.441123890986773,14120.212141425589,0.9952569219478034
dish,-1.5,1600.0,28.500000000000004,,315,314,25.36499374737796,14077.745931336547,0.9952418765295967
dish,-1.5,1600.0,28.6,,315,314,25.409454769663125,14102.422104404512,0.9952418765295972
dish,-1.5,1600.0,28.700000000000003,,314,313,25.332725625975115,14059.623001915472,0.9952267353572419
dish,-1.5,1600.0,28.800000000000004,,314,313,25.376820917181124,14084.095819395503,0.9952267353572422
dish,-1.5,1600.0,28.900000000000002,,314,313,25.420839720285144,14108.526186098861,0.9952267353572424
dish,-1.5,1600.0,29.000000000000004,,313,312,25.343232286324692,14065.238826798375,0.9952114975137044
dish,-1.5,1600.0,29.1,,313,312,25.386889910910206,14089.468369007845,0.9952114975137042
dish,-1.5,1600.0,29.200000000000003,,312,312,25.308698705409487,14113.656315344677,0.9999999999999996
dish,-1.5,1600.0,29.300000000000004,,312,311,25.351998478223177,14069.887165588678,0.995196162070201
dish,-1.5,1600.0,29.400000000000002,,312,311,25.395224423471127,14093.87676044397,0.995196162070201
dish,-1.5,1600.0,29.500000000000004,,311,310,25.316175077597105,14049.787950885007,0.9951807280860134
dish,-1.5,1600.0,29.6,,311,310,25.359047547052093,14073.58100425611,0.9951807280860134
dish,-1.5,1600.0,29.700000000000003,,311,310,25.401847657754132,14097.333900489242,0.9951807280860132
dish,-1.5,1600.0,29.800000000000004,,310,309,25.321951445450388,14052.774328819065,0.9951651946082953
dish,-1.5,1600.0,29.900000000000002,,310,309,25.36440235780953,14076.333061751657,0.995165194608295
aperture,-1.5,400.0,0.17880166165675554,1,1562,1519,125.49568910042784,67114.08074640959,0.9589922919657786
aperture,-1.5,400.0,0.7152066466270222,4,1422,1328,218.01513973203652,109724.62203080789,0.9025010543777294
aperture,-1.5,400.0,1.6092149549108,9,1191,1096,250.66642101454806,123399.69072510378,0.8827712669418477
aperture,-1.5,400.0,2.8608265865080886,16,937,879,233.22582660113304,118173.55191923662,0.9086024975876141
aperture,-1.5,400.0,4.4700415414188885,25,714,700,193.92088537239667,104976.97393565372,0.9707328852712491
aperture,-1.5,400.0,6.4368598196432,36,539,559,152.63061758031918,89897.15495649591,1.0561717914699638
aperture,-1.5,400.0,8.761281421181021,49,409,451,117.70374073473305,76004.59306818331,1.1579234541431949
aperture,-1.5,400.0,11.443306346032355,64,315,369,90.9207649603636,64284.53717942757,1.267867059461074
aperture,-1.5,400.0,14.482934594197198,81,246,306,70.5915037533094,54613.70428693835,1.3873290461007906
aperture,-1.5,400.0,17.880166165675554,100,196,256,55.781651794395756,46434.089406689556,1.4927113702623902
aperture,-1.5,400.0,21.63500106046742,121,158,217,44.41049142689633,39862.01710985281,1.6095481392771447
aperture,-1.5,400.0,25.7474392785728,144,130,186,36.15792818292833,34508.62440727394,1.7114112711200373
aperture,-1.5,400.0,30.217480819991685,169,108,161,29.661031415458762,30106.42247319063,1.8201332392538994
aperture,-1.5,400.0,35.045125684724084,196,90,141,24.299596558934415,26572.577964240165,1.9609427060208295
aperture,-1.5,400.0,40.230373872769995,225,77,124,20.603196763863657,23480.14486754854,2.0436025691185113
aperture,-1.5,400.0,45.77322538412942,256,66,110,17.439866224963442,20925.989144181993,2.151657414559675
aperture,-1.5,400.0,51.67368021880235,289,57,98,14.871968887420902,18696.702610453678,2.2543784798071647
aperture,-1.5,400.0,57.93173837678879,324,50,88,12.937035650380315,16845.096320212888,2.334903852410201
aperture,-1.5,400.0,64.54739985808875,361,43,79,10.890894414426183,15124.158607684183,2.490221357600706
aperture,-1.5,400.0,71.52066466270222,400,38,71,9.523852351562889,13564.209973852434,2.5539484566167836
aperture,-1.5,400.0,78.8515327906292,441,34,65,8.463401295732023,12475.739991389873,2.643331670520087
aperture,-1.5,400.0,86.54000424186968,484,30,59,7.3487221314048075,11302.582444000069,2.758011898021766
aperture,-1.5,400.0,94.58607901642368,529,27,54,6.559651178418764,10346.547622611075,2.828427124746189
aperture,-1.5,400.0,102.9897571142912,576,25,50,6.098577091224025,9619.294774714632,2.8284271247461885
aperture,-1.5,400.0,111.75103853547222,625,22,46,5.244224718548803,8842.065779917637,3.0234495501941976
aperture,-1.5,400.0,120.86992327996674,676,20,43,4.7274354198932835,8310.994915743018,3.152518834202263
aperture,-1.5,400.0,130.3464113477748,729,19,40,4.545706892046457,7743.382924273361,3.0546368425684687
aperture,-1.5,400.0,140.18050273889634,784,17,37,3.9896856320767506,7143.936781779877,3.210917920743423
aperture,-1.5,400.0,150.3721974533314,841,16,34,3.7729863604372635,6517.684873749845,3.097693194136565
aperture,-1.5,400.0,160.92149549107998,900,14,32,3.194630043106419,6156.348655817366,3.455675181798649
aperture,-1.5,400.0,171.82839685214208,961,13,30,2.9538197203802117,5774.58211203312,3.50563627067423
aperture,-1.5,400.0,183.09290153651767,1024,12,28,2.7041396162241607,5374.821065505471,3.5642255405212087
aperture,-1.5,400.0,194.7150095442068,1089,11,27,2.4474297279643022,5248.516555043237,3.8455336724758697
aperture,-1.5,400.0,206.6947208752094,1156,11,25,2.5215942651753416,4817.9902338484035,3.426265279292768
aperture,-1.5,400.0,219.03203552952553,1225,10,24,2.2499626443457785,4665.110039180518,3.7180640123591195
aperture,-1.5,400.0,231.72695350715517,1296,9,22,1.9759389775565843,4211.274080053222,3.821820248745015
aperture,-1.5,400.0,244.77947480809834,1369,9,21,2.0308261713776004,4036.525045086769,3.564225540521208
aperture,-1.5,400.0,258.189599432355,1444,8,20,1.7479372612069404,3853.0582565362374,3.9528470752104727
aperture,-1.5,400.0,271.9573273799252,1521,8,19,1.79393561018607,3661.609226440121,3.6601208142628283
aperture,-1.5,800.0,0.044700415414188885,1,827,814,10.163611065747482,5534.72570239171,0.9765137054042137
aperture,-1.5,800.0,0.17880166165675554,4,786,756,18.834477983623813,9907.68485333764,0.9432979143205567
aperture,-1.5,800.0,0.4023037387277,9,710,675,24.254847639036704,12538.235103794408,0.9269752444915295
aperture,-1.5,800.0,0.7152066466270222,16,613,587,25.94421150528395,13557.407133173372,0.9370579295495636
aperture,-1.5,800.0,1.1175103853547221,25,510,502,24.61019424586869,13402.477138715969,0.9765631031030693
aperture,-1.5,800.0,1.6092149549108,36,415,426,21.677698342013503,12572.601316739312,1.04002134716
aperture,-1.5,800.0,2.1903203552952553,49,334,361,18.26028339153214,11442.431940299894,1.1236759936448721
aperture,-1.5,800.0,2.8608265865080886,64,269,307,15.083710209151363,10255.504871563448,1.219211760493805
aperture,-1.5,800.0,3.6207336485492996,81,218,262,12.379896758516885,9096.073091459086,1.3175502767917273
aperture,-1.5,800.0,4.4700415414188885,100,178,225,10.14891877067889,8043.281569265019,1.4211626125623773
aperture,-1.5,800.0,5.408750265116855,121,146,195,8.293001461367442,7138.452881740452,1.5435568640860489
aperture,-1.5,800.0,6.4368598196432,144,122,170,6.910520587454342,6338.903248961913,1.644877788044664
aperture,-1.5,800.0,7.554370204997921,169,102,149,5.723126996416601,5634.848577675838,1.7655464378606867
aperture,-1.5,800.0,8.761281421181021,196,86,131,4.77161599392911,5002.584972886047,1.880006135539674
aperture,-1.5,800.0,10.057593468192499,225,74,116,4.08064309465298,4466.195585350071,1.962634389102198
aperture,-1.5,800.0,11.443306346032355,256,64,104,3.5009000885990114,4044.170776841829,2.0714766773970683
aperture,-1.5,800.0,12.918420054700588,289,55,93,2.9633484978522824,3633.5642107264302,2.198772965649323
aperture,-1.5,800.0,14.482934594197198,324,48,84,2.558138973332009,3302.561617779213,2.315032397181516
aperture,-1.5,800.0,16.136849964522188,361,43,76,2.2895285179994205,3000.0844809689784,2.34972861119457
aperture,-1.5,800.0,17.880166165675554,400,38,69,2.002143325458723,2731.8894866609726,2.446798700553893
aperture,-1.5,800.0,19.7128831976573,441,34,63,1.7792109526086755,2502.589476240203,2.522275077233862
aperture,-1.5,800.0,21.63500106046742,484,30,58,1.5448785242484848,2315.9232686380683,2.688190910328052
aperture,-1.5,800.0,23.64651975410592,529,27,53,1.3789967903117857,2114.9550202609653,2.750224573187982
aperture,-1.5,800.0,25.7474392785728,576,24,49,1.2059182768404373,1961.8457445389524,2.9172742422730202
aperture,-1.5,800.0,27.937759633868055,625,22,45,1.1024624416531525,1798.5324351047768,2.9253965806398847
aperture,-1.5,800.0,30.217480819991685,676,20,42,0.9938208744829251,1686.5793498797364,3.0431891166997813
aperture,-1.5,800.0,32.5866028369437,729,18,39,0.8811752590955595,1567.1846517791812,3.1892469795072773
aperture,-1.5,800.0,35.045125684724084,784,17,36,0.8387280865006475,1441.3560572122915,3.081629118108701
aperture,-1.5,800.0,37.59304936333285,841,16,34,0.7931726763232134,1370.1744615224004,3.0976931941365646
aperture,-1.5,800.0,40.230373872769995,900,14,32,0.6715882378275019,1294.2128789322119,3.455675181798649
aperture,-1.5,800.0,42.95709921303552,961,13,30,0.6209641035433624,1213.9563493992184,3.5056362706742292
aperture,-1.5,800.0,45.77322538412942,1024,12,28,0.5684753274071129,1129.916941653425,3.5642255405212087
aperture,-1.5,800.0,48.6787523860517,1089,11,26,0.5145087212076388,1042.6377784045342,3.6338834517147256
aperture,-1.5,800.0,51.67368021880235,1156,11,25,0.5300998945775675,1012.8576790926321,3.4262652792927666
aperture,-1.5,800.0,54.75800888238138,1225,10,23,0.47299638052128345,920.0666594700122,3.488122704263712
aperture,-1.5,800.0,57.93173837678879,1296,9,22,0.41539000074685534,885.3113193919098,3.821820248745016
aperture,-1.5,800.0,61.194868702024586,1369,9,21,0.4269286118787125,848.5748601238257,3.564225540521208
aperture,-1.5,800.0,64.54739985808875,1444,8,20,0.36745854425932795,810.0057189212624,3.9528470752104727
aperture,-1.5,800.0,67.9893318449813,1521,8,19,0.37712850595036285,769.7585181433561,3.6601208142628283
aperture,-1.5,1600.0,0.011175103853547221,1,436,432,0.8179034060126338,449.8498966352642,0.9862701435381092
aperture,-1.5,1600.0,0.044700415414188885,4,425,415,1.5742933957834864,847.118459517683,0.9649143162457007
aperture,-1.5,1600.0,0.100575934681925,9,402,390,2.1723641002643057,1157.6044032378304,0.9555597120724142
aperture,-1.5,1600.0,0.17880166165675554,16,369,359,2.5472514809046034,1363.150066214486,0.9596262595141103
aperture,-1.5,1600.0,0.27937759633868053,25,329,326,2.6806254352221095,1474.478380965414,0.9863534164207525
aperture,-1.5,1600.0,0.4023037387277,36,287,292,2.620875423139001,1499.9180531301722,1.0262458929336433
aperture,-1.5,1600.0,0.5475800888238138,49,247,261,2.4412696542259797,1478.7705939074933,1.0862138376499106
aperture,-1.5,1600.0,0.7152066466270222,64,210,231,2.187213671866359,1407.1809969619362,1.1536897329871663
aperture,-1.5,1600.0,0.9051834121373249,81,178,205,1.9201926179171283,1323.4736706820797,1.2359496763376958
aperture,-1.5,1600.0,1.1175103853547221,100,150,182,1.6504758399805668,1230.12455237115,1.336503786141427
aperture,-1.5,1600.0,1.3521875662792138,121,127,162,1.414394469212195,1136.3371672126573,1.4406780533723382
aperture,-1.5,1600.0,1.6092149549108,144,108,144,1.2100105644725834,1038.8838356691804,1.5396007178390014
aperture,-1.5,1600.0,1.8885925512494803,169,93,129,1.047466296645783,954.2670374266718,1.6336542337809223
aperture,-1.5,1600.0,2.1903203552952553,196,80,116,0.8999850577383116,876.3085000933294,1.7460312139248824
aperture,-1.5,1600.0,2.5143983670481247,225,69,104,0.7723909525387602,797.0457911531541,1.8504458162511452
aperture,-1.5,1600.0,2.8608265865080886,256,60,94,0.668065648309528,730.5564305103036,1.9609427060208295
aperture,-1.5,1600.0,3.229605013675147,289,53,85,0.5892980562489849,667.450887315882,2.031021796421126
aperture,-1.5,1600.0,3.6207336485492996,324,46,77,0.5045236575099258,609.3272455458748,2.165705204650701
aperture,-1.5,1600.0,4.034212491130547,361,41,71,0.4481275753443283,569.4861007032372,2.2788290022019053
aperture,-1.5,1600.0,4.4700415414188885,400,36,65,0.38811106951140945,525.100020728094,2.426142377960211
aperture,-1.5,1600.0,4.928220799414325,441,33,59,0.35765350656663314,476.80337077420995,2.3906010595072575
aperture,-1.5,1600.0,5.408750265116855,484,29,55,0.3086682505651407,449.58179801953503,2.6118428183694937
aperture,-1.5,1600.0,5.91162993852648,529,26,50,0.27394295793848733,407.4035859504165,2.6668278664674476
aperture,-1.5,1600.0,6.4368598196432,576,24,47,0.25351308902101505,387.4360545399559,2.7405007441531013
aperture,-1.5,1600.0,6.984439908467014,625,22,43,0.2317641787844983,353.1707249596639,2.7325534275490786
aperture,-1.5,1600.0,7.554370204997921,676,20,40,0.20892510268925088,329.53787720375715,2.8284271247461894
aperture,-1.5,1600.0,8.146650709235924,729,18,38,0.18524427914592975,316.87002921116436,3.0673733306397324
aperture,-1.5,1600.0,8.761281421181021,784,17,35,0.17632086032775043,290.47054707019646,2.9541237516800445
aperture,-1.5,1600.0,9.398262340833213,841,15,33,0.15135862344512743,275.42979097168217,3.2631273343220912
aperture,-1.5,1600.0,10.057593468192499,900,14,31,0.14118403542892638,259.42140092322006,3.294962583346883
aperture,-1.5,1600.0,10.73927480325888,961,13,29,0.13054162216771248,242.54967413297516,3.331823356979173
aperture,-1.5,1600.0,11.443306346032355,1024,12,27,0.11950721624420578,224.9249483176321,3.3749999999999987
aperture,-1.5,1600.0,12.169688096512925,1089,11,26,0.10816213482006909,219.18759256711738,3.6338834517147243
aperture,-1.5,1600.0,12.918420054700588,1156,11,24,0.11143977526916211,200.28009300950623,3.2227590365498013
aperture,-1.5,1600.0,13.689502220595346,1225,10,23,0.09943524020208229,193.42018893569832,3.488122704263712
aperture,-1.5,1600.0,14.482934594197198,1296,9,22,0.08732499064006712,186.1137787150483,3.821820248745016
aperture,-1.5,1600.0,15.298717175506146,1369,9,21,0.08975068482451344,178.39088948813682,3.564225540521208
aperture,-1.5,1600.0,16.136849964522188,1444,8,19,0.07724864315550431,157.67251784406966,3.6601208142628288
aperture,-1.5,1600.0,16.997332961245323,1521,8,18,0.07928150218591232,149.21599165418732,3.3749999999999996
dish,-2.0,400.0,0.1,,1594,1593,48.672664848075605,31215.449750093616,0.9987456884269585
dish,-2.0,400.0,0.2,,1592,1591,97.10120357355854,62274.23482039219,0.9987441131537079
dish,-2.0,400.0,0.30000000000000004,,1589,1588,145.10338361177335,93059.41024302423,0.9987417428109628
dish,-2.0,400.0,0.4,,1585,1584,192.49835164167501,123454.91671727787,0.9987385684005209
dish,-2.0,400.0,0.5,,1582,1581,239.71292609840847,153734.65911320623,0.9987361770614737
dish,-2.0,400.0,0.6,,1578,1577,286.20270802733154,183549.27863912753,0.9987329744699374
dish,-2.0,400.0,0.7000000000000001,,1574,1574,332.2125131728521,213326.86005646977,0.9999999999999997
dish,-2.0,400.0,0.8,,1570,1570,377.74418052647735,242564.55353441156,0.9999999999999997
dish,-2.0,400.0,0.9,,1566,1566,422.79954907971467,271496.3966198892,0.9999999999999997
dish,-2.0,400.0,1.0,,1562,1562,467.3804578240712,300123.57020244875,0.9999999999999997
dish,-2.0,400.0,1.1,,1558,1557,511.4887457510545,328025.7637101749,0.9987167149220302
dish,-2.0,400.0,1.2000000000000002,,1554,1553,555.1262518521717,356010.0044394959,0.9987134128060765
dish,-2.0,400.0,1.3000000000000003,,1550,1549,598.2948151189299,383693.3151494619,0.9987100936524452
dish,-2.0,400.0,1.4000000000000001,,1545,1544,640.1673108086029,410544.9105909242,0.9987059205496378
dish,-2.0,400.0,1.5000000000000002,,1541,1540,682.3465924252472,437593.3824614161,0.9987025625757731
dish,-2.0,400.0,1.6,,1536,1535,723.1208845303223,463740.2451633891,0.9986983405219182
dish,-2.0,400.0,1.7000000000000002,,1532,1531,764.3195047695432,490159.4136141548,0.9986949430427637
dish,-2.0,400.0,1.8000000000000003,,1527,1526,804.0055928063412,515607.96466354554,0.998690671171478
dish,-2.0,400.0,1.9000000000000001,,1523,1522,844.2321719408285,541403.3651143328,0.9986872334857637
dish,-2.0,400.0,2.0,,1518,1517,882.8400554256707,566160.025598049,0.9986829109100975
dish,-2.0,400.0,2.1,,1513,1512,920.8855140078668,590555.77671421,0.9986785597743109
dish,-2.0,400.0,2.2,,1509,1508,959.6428921773222,615408.3844735546,0.9986750581116787
dish,-2.0,400.0,2.3000000000000003,,1504,1503,996.6255094491128,639122.1103721249,0.9986706548494791
dish,-2.0,400.0,2.4000000000000004,,1499,1498,1033.0539389677167,662480.2163042319,0.99866622222242
dish,-2.0,400.0,2.5000000000000004,,1494,1494,1068.931054157365,686403.1195646045,0.9999999999999997
dish,-2.0,400.0,2.6,,1490,1489,1105.7434497777617,709089.0656272045,0.998658168550966
dish,-2.0,400.0,2.7,,1485,1484,1140.5784506237842,731424.6811244338,0.9986536521216653
dish,-2.0,400.0,2.8000000000000003,,1480,1479,1174.87037429031,753411.8111962082,0.9986491051862671
dish,-2.0,400.0,2.9000000000000004,,1475,1474,1208.62209420157,775052.3009824437,0.9986445274346448
dish,-2.0,400.0,3.0000000000000004,,1470,1469,1241.8364837817937,796347.9956230562,0.9986399185524546
dish,-2.0,400.0,3.1,,1465,1465,1274.516416455211,818417.6526528036,0.9999999999999998
dish,-2.0,400.0,3.2,,1461,1460,1308.455330376984,839061.3855555222,0.9986315430956169
dish,-2.0,400.0,3.3000000000000003,,1456,1455,1340.1246031240153,859365.61271371,0.9986268453387269
dish,-2.0,400.0,3.4000000000000004,,1451,1450,1371.2676561137007,879332.1792672833,0.9986221152170057
dish,-2.0,400.0,3.5000000000000004,,1446,1445,1401.8873627702692,898962.9303561574,0.9986173523948354
dish,-2.0,400.0,3.6,,1441,1440,1431.9865965179524,918259.7111202488,0.99861255653194
dish,-2.0,400.0,3.7,,1436,1435,1461.5682307809793,937224.3666994731,0.9986077272833077
dish,-2.0,400.0,3.8000000000000003,,1431,1431,1490.6351389835809,957196.0750429453,0.9999999999999998
dish,-2.0,400.0,3.9000000000000004,,1427,1426,1521.32164317542,975532.4112770652,0.9985989493839156
dish,-2.0,400.0,4.0,,1422,1421,1549.4147095941037,993541.9117274102,0.9985940247783966
dish,-2.0,400.0,4.1,,1417,1416,1577.0012871018216,1011226.4215338966,0.9985890654314056
dish,-2.0,400.0,4.2,,1412,1411,1604.0842491228043,1028587.7858364406,0.9985840709740066
dish,-2.0,400.0,4.3,,1407,1406,1630.6664690812804,1045627.849774957,0.9985790410320212
dish,-2.0,400.0,4.3999999999999995,,1402,1401,1656.7508204014816,1062348.4584893628,0.9985739752259353
dish,-2.0,400.0,4.5,,1397,1396,1682.340176507637,1078751.4571195736,0.9985688731708039
dish,-2.0,400.0,4.6,,1392,1392,1707.4374108239774,1096413.4316172202,0.9999999999999997
dish,-2.0,400.0,4.7,,1388,1387,1734.5438391428395,1112215.1975562926,0.9985595968739875
dish,-2.0,400.0,4.8,,1383,1382,1758.7094135429609,1127704.642812262,0.9985543912261738
dish,-2.0,400.0,4.9,,1378,1377,1782.3911033027266,1142883.6125250447,0.9985491478152427
dish,-2.0,400.0,5.0,,1373,1372,1805.5917818463668,1157753.9518345564,0.998543866228783
dish,-2.0,400.0,5.1,,1368,1367,1828.314322598112,1172317.5058807135,0.9985385460483566
dish,-2.0,400.0,5.2,,1364,1363,1853.2780193123972,1188319.1619773444,0.9985342618312533
dish,-2.0,400.0,5.3,,1359,1358,1875.094990839933,1202301.6814639755,0.9985288711075586
dish,-2.0,400.0,5.4,,1354,1353,1896.4420617250335,1215982.7050883446,0.9985234405852563
dish,-2.0,400.0,5.5,,1349,1348,1917.3221053919285,1229364.0779903666,0.9985179698219748
dish,-2.0,400.0,5.6,,1344,1344,1937.737995264848,1244298.591266154,0.9999999999999997
dish,-2.0,400.0,5.7,,1340,1339,1960.6178081027895,1257112.239217911,0.9985080196034749
dish,-2.0,400.0,5.8,,1335,1334,1980.1542194435094,1269631.5258484131,0.9985024337555581
dish,-2.0,400.0,5.9,,1330,1329,1999.2347141397145,1281858.2962975772,0.9984968059245856
dish,-2.0,400.0,6.0,,1325,1325,2017.8621656156338,1295749.5059602356,0.9999999999999997
dish,-2.0,400.0,6.1,,1321,1320,2039.125524074829,1307421.8610683943,0.9984865685104245
dish,-2.0,400.0,6.2,,1316,1315,2056.894223985329,1318806.9893963067,0.998480820576306
dish,-2.0,400.0,6.3,,1311,1311,2074.2181178250025,1331937.9030061406,0.9999999999999997
dish,-2.0,400.0,6.4,,1307,1306,2094.3036022237798,1342778.4813411322,0.998470363512579
dish,-2.0,400.0,6.5,,1302,1301,2110.784107739584,1353337.1222969694,0.9984644915892127
dish,-2.0,400.0,6.6,,1297,1297,2126.828044334023,1365720.8280464495,0.9999999999999998
dish,-2.0,400.0,6.7,,1293,1292,2145.756036828254,1375744.7843574497,0.9984538077302434
dish,-2.0,400.0,6.8,,1288,1287,2160.971948340374,1385492.0926903882,0.9984478077620461
dish,-2.0,400.0,6.9,,1284,1283,2179.1525248800226,1397141.6787719843,0.9984429741559182
dish,-2.0,400.0,7.0,,1279,1278,2193.5504108261453,1406364.1678081693,0.9984368896488104
dish,-2.0,400.0,7.1,,1275,1274,2210.992191683901,1417539.762047229,0.9984319876970393
dish,-2.0,400.0,7.2,,1270,1269,2224.582051580347,1426243.8528735675,0.9984258168516332
dish,-2.0,400.0,7.3,,1265,1265,2237.754307155346,1436950.990689839,0.9999999999999997
dish,-2.0,400.0,7.4,,1261,1260,2254.0854903919912,1445143.1043932387,0.9984145860598026
dish,-2.0,400.0,7.5,,1256,1256,2266.4650831588633,1455387.3212064693,1.0
dish,-2.0,400.0,7.6,,1252,1251,2282.079347050089,1463073.8788738374,0.9984031938674476
dish,-2.0,400.0,7.7,,1248,1247,2297.3564624983114,1472860.7101037754,0.9983980779503615
dish,-2.0,400.0,7.8,,1243,1242,2308.582241343652,1480048.1328220195,0.9983916367700957
dish,-2.0,400.0,7.9,,1239,1238,2323.1550422007444,1489383.1138884122,0.998386446410413
dish,-2.0,400.0,8.0,,1234,1233,2333.612793061692,1496077.8227444398,0.9983799111610786
dish,-2.0,400.0,8.1,,1230,1229,2347.489899600344,1504966.489067035,0.9983746447220567
dish,-2.0,400.0,8.2,,1225,1225,2357.189621993219,1513645.153865332,0.9999999999999997
dish,-2.0,400.0,8.3,,1221,1220,2370.3796544861225,1519622.7921462997,0.9983626691243397
dish,-2.0,400.0,8.4,,1217,1216,2383.2463309723266,1527863.2362145637,0.9983572898050012
dish,-2.0,400.0,8.5,,1212,1212,2391.8429266470894,1535897.418242093,0.9999999999999998
dish,-2.0,400.0,8.6,,1208,1207,2404.0351338418336,1541171.7383908392,0.9983450561378884
dish,-2.0,400.0,8.7,,1204,1203,2415.909808502986,1548775.7937021,0.9983395602697538
dish,-2.0,400.0,8.8,,1200,1199,2427.4687896220535,1556177.3264561887,0.9983340277777777
dish,-2.0,400.0,8.9,,1195,1194,2434.637504172214,1560762.0809155547,0.9983270601004881
dish,-2.0,400.0,9.0,,1191,1190,2445.53860523571,1567741.5809671397,0.9983214438543767
dish,-2.0,400.0,9.1,,1187,1186,2456.129836230228,1574522.2979451148,0.9983157897725213
dish,-2.0,400.0,9.2,,1183,1182,2466.4130361472753,1581105.4127390273,0.9983100974712912
dish,-2.0,400.0,9.3,,1178,1178,2472.1909942138873,1587492.1062384231,0.9999999999999997
dish,-2.0,400.0,9.4,,1174,1173,2481.832903311252,1590969.7521463668,0.9982971480313082
dish,-2.0,400.0,9.5,,1170,1169,2491.1726048042515,1596947.6241450568,0.9982913288041492
dish,-2.0,400.0,9.6,,1166,1165,2500.2119376843943,1602732.8143327925,0.9982854696680384
dish,-2.0,400.0,9.700000000000001,,1162,1161,2508.9527409431876,1608326.503599121,0.9982795702110135
dish,-2.0,400.0,9.8,,1158,1157,2517.3968535721374,1613729.8728335875,0.9982736300154217
dish,-2.0,400.0,9.9,,1154,1153,2525.546114562752,1618944.1029257386,0.9982676486578218
dish,-2.0,400.0,10.0,,1150,1149,2533.4023629065387,1623970.3747651207,0.9982616257088844
dish,-2.0,400.0,10.1,,1146,1145,2540.9674375950044,1628809.8692412798,0.9982555607332887
dish,-2.0,400.0,10.200000000000001,,1142,1141,2548.2431776196568,1633463.767243762,0.9982494532896168
dish,-2.0,400.0,10.3,,1138,1137,2555.231421972003,1637933.249662114,0.998243302930248
dish,-2.0,400.0,10.4,,1134,1133,2561.93400964355,1642219.497385881,0.9982371092012476
dish,-2.0,400.0,10.5,,1130,1129,2568.3527796258054,1646323.6913046099,0.9982308716422582
dish,-2.0,400.0,10.6,,1126,1125,2574.489570910276,1650247.0123078472,0.9982245897863826
dish,-2.0,400.0,10.700000000000001,,1122,1121,2580.34622248847,1653990.6412851387,0.9982182631600686
dish,-2.0,400.0,10.8,,1118,1117,2585.9245733518947,1657555.7591260301,0.9982118912829896
dish,-2.0,400.0,10.9,,1114,1113,2591.226462492056,1660943.5467200684,0.9982054736679244
dish,-2.0,400.0,11.0,,1110,1109,2596.253728900462,1664155.1849567993,0.998199009820631
dish,-2.0,400.0,11.1,,1106,1105,2601.00821156862,1667191.8547257693,0.9981924992397215
dish,-2.0,400.0,11.200000000000001,,1102,1101,2605.4917494880383,1670054.7369165244,0.9981859414165299
dish,-2.0,400.0,11.3,,1098,1098,2609.706181650223,1675796.074278925,0.9999999999999997
dish,-2.0,400.0,11.4,,1095,1094,2618.4336905329105,1678330.7060786367,0.9981743499927023
dish,-2.0,400.0,11.5,,1091,1090,2622.1397373241375,1680694.8961538475,0.9981676595694625
dish,-2.0,400.0,11.6,,1087,1086,2625.5818888340673,1682889.825394104,0.9981609199293481
dish,-2.0,400.0,11.700000000000001,,1083,1082,2628.7619840542097,1684916.6746889527,0.9981541305272705
dish,-2.0,400.0,11.8,,1080,1079,2636.5621240008627,1689907.5321428815,0.9981490054869683
dish,-2.0,400.0,11.9,,1076,1075,2639.24674510292,1691616.586839543,0.9981421276654548
dish,-2.0,400.0,12.0,,1072,1071,2641.6745203911273,1693160.907444511,0.9981351985408776
dish,-2.0,400.0,12.1,,1068,1068,2643.8472888569895,1697719.4363152052,0.9999999999999998
dish,-2.0,400.0,12.200000000000001,,1065,1064,2650.742472576602,1698952.0881865069,0.998122947386982
dish,-2.0,400.0,12.3,,1061,1060,2652.4326781772547,1700023.351819829,0.9981158741819686
dish,-2.0,400.0,12.4,,1057,1057,2653.873087431501,1704157.400102398,0.9999999999999997
dish,-2.0,400.0,12.5,,1054,1053,2660.110793374934,1704923.1208665748,0.9981033669512364
dish,-2.0,400.0,12.6,,1050,1049,2661.078179532414,1705530.7992464865,0.9980961451247164
dish,-2.0,400.0,12.700000000000001,,1047,1046,2666.89289827301,1709248.2149360392,0.9980906925595392
dish,-2.0,400.0,12.8,,1043,1042,2667.393429617739,1709556.476311327,0.9980833737035193
dish,-2.0,400.0,12.9,,1040,1039,2672.790256694464,1713005.8669766912,0.9980778476331358
dish,-2.0,400.0,13.0,,1036,1035,2672.8301015104557,1713018.6722477078,0.9980704297789237
dish,-2.0,400.0,13.1,,1032,1032,2672.6321034248367,1716203.3099370021,0.9999999999999998
dish,-2.0,400.0,13.200000000000001,,1029,1028,2677.399459033547,1715924.620004101,0.9980573098321652
dish,-2.0,400.0,13.3,,1025,1025,2676.7503141876355,1718847.776765443,0.9999999999999997
dish,-2.0,400.0,13.4,,1022,1021,2681.112766009995,1718281.5525289758,0.9980440102481221
dish,-2.0,400.0,13.5,,1019,1018,2685.2864913289186,1720946.5004104828,0.9980382545184187
dish,-2.0,400.0,13.6,,1015,1014,2683.981286262782,1720096.7027708031,0.9980305273119946
dish,-2.0,400.0,13.700000000000001,,1012,1011,2687.7575020737086,1722506.7138205932,0.9980246918402097
dish,-2.0,400.0,13.8,,1008,1007,2686.01628361489,1721377.303678054,0.9980168572058451
dish,-2.0,400.0,13.9,,1005,1004,2689.4000854567876,1723535.649944244,0.9980109403232589
dish,-2.0,400.0,14.0,,1002,1001,2692.6007927067394,1725576.571506184,0.9980049880279359
dish,-2.0,400.0,14.1,,998,997,2690.225505301137,1724040.5417299054,0.9979969959959997
dish,-2.0,400.0,14.200000000000001,,995,994,2693.0411928604126,1725834.5466682964,0.9979909598242466
dish,-2.0,400.0,14.3,,991,991,2690.245025429741,1727513.2672647405,0.9999999999999997
dish,-2.0,400.0,14.4,,988,987,2692.6807888373073,1725578.9824890075,0.9979767329410411
dish,-2.0,400.0,14.5,,985,984,2694.9390895644196,1727015.5346219523,0.9979705738359655
dish,-2.0,400.0,14.6,,982,981,2697.0209620438022,1728338.9427752523,0.9979643771180637
dish,-2.0,400.0,14.700000000000001,,978,977,2693.416615314161,1726014.7676343515,0.9979560557207438
dish,-2.0,400.0,14.8,,975,974,2695.1282566595705,1727100.7554842026,0.9979497698882311
dish,-2.0,400.0,14.9,,972,971,2696.6668029293564,1728075.7397167117,0.9979434452742637
dish,-2.0,400.0,15.0,,969,968,2698.0332885562416,1728940.384582248,0.9979370815188275
dish,-2.0,400.0,15.1,,965,965,2693.6431752366266,1729695.3543311819,0.9999999999999998
dish,-2.0,400.0,15.200000000000001,,962,961,2694.6491227472757,1726745.7997681093,0.9979220784834089
dish,-2.0,400.0,15.3,,959,958,2695.4863427871305,1727271.0495975101,0.9979155815984019
dish,-2.0,400.0,15.4,,956,955,2696.1558697889145,1727688.7646726104,0.9979090439593141
dish,-2.0,400.0,15.5,,953,952,2696.6587381853506,1727999.6092437804,0.9979024651814723
dish,-2.0,400.0,15.6,,950,949,2696.9959824091616,1728204.2475613893,0.9978958448753458
dish,-2.0,400.0,15.700000000000001,,947,946,2697.1686368930705,1728303.3438758077,0.9978891826464715
dish,-2.0,400.0,15.8,,943,943,2691.4664031330035,1728297.5624374044,0.9999999999999998
dish,-2.0,400.0,15.9,,940,940,2691.2951087365645,1728187.5674965498,0.9999999999999997
dish,-2.0,400.0,16.0,,937,936,2690.962557772329,1724287.6797702448,0.9978666672741291
dish,-2.0,400.0,16.1,,934,933,2690.4697846730223,1723960.0936295714,0.9978598186978709
dish,-2.0,400.0,16.200000000000003,,931,930,2689.8178238713654,1723530.434348748,0.9978529260084378
dish,-2.0,400.0,16.3,,928,927,2689.0077098000806,1722999.3661781456,0.9978459887782398
dish,-2.0,400.0,16.400000000000002,,925,924,2688.0404768918925,1722367.5533681337,0.9978390065741415
dish,-2.0,400.0,16.500000000000004,,922,921,2686.9171595795237,1721635.6601690825,0.9978319789573735
dish,-2.0,400.0,16.6,,919,918,2685.638792295696,1720804.35083136,0.9978249054834402
dish,-2.0,400.0,16.700000000000003,,916,915,2684.206409473133,1719874.2896053377,0.9978177857020267
dish,-2.0,400.0,16.8,,913,912,2682.621045544557,1718846.1407413844,0.9978106191569022
dish,-2.0,400.0,16.900000000000002,,910,910,2680.8837349426913,1721502.010534505,0.9999999999999997
dish,-2.0,400.0,17.000000000000004,,908,907,2684.906145741657,1720289.5075910853,0.9977985697374291
dish,-2.0,400.0,17.1,,905,904,2682.88315930283,1718980.7621496504,0.9977912762125698
dish,-2.0,400.0,17.200000000000003,,902,901,2680.7110996149445,1717576.4384605705,0.9977839341989467
dish,-2.0,400.0,17.3,,899,898,2678.391001110722,1716077.2007742152,0.9977765432114037
dish,-2.0,400.0,17.400000000000002,,896,895,2675.923898222886,1714483.7133409546,0.9977691027582906
dish,-2.0,400.0,17.500000000000004,,893,892,2673.3108253841583,1712796.6404111583,0.9977616123413533
dish,-2.0,400.0,17.6,,890,889,2670.5528170272623,1711016.6462351955,0.997754071455624
dish,-2.0,400.0,17.700000000000003,,887,887,2667.6509075849212,1713004.6860871452,0.9999999999999997
dish,-2.0,400.0,17.8,,885,884,2670.6380619460897,1711049.5143275643,0.9977413897666696
dish,-2.0,400.0,17.900000000000002,,882,881,2667.464767163293,1709003.2664617333,0.9977337117764713
dish,-2.0,400.0,18.000000000000004,,879,878,2664.1504447192806,1706866.606740022,0.9977259814066297
dish,-2.0,400.0,18.1,,876,875,2660.6961290467757,1704640.1994128,0.9977181981193051
dish,-2.0,400.0,18.200000000000003,,874,873,2663.193632762967,1706231.3619697664,0.9977129795935465
dish,-2.0,400.0,18.3,,871,870,2659.4748662804814,1703835.410886136,0.9977051068950925
dish,-2.0,400.0,18.400000000000002,,868,867,2655.6189799937342,1701351.5573369106,0.9976971798084475
dish,-2.0,400.0,18.500000000000004,,865,864,2651.627008335447,1698780.4655724603,0.9976891977680508
dish,-2.0,400.0,18.6,,863,862,2653.646240166612,1700064.9781763325,0.997683845595077
dish,-2.0,400.0,18.700000000000003,,860,859,2649.39675222882,1697328.7955931376,0.9976757706868575
dish,-2.0,400.0,18.8,,857,856,2645.0140523437185,1694507.219934634,0.9976676392778803
dish,-2.0,400.0,18.900000000000002,,855,854,2646.68663427576,1695569.4792851664,0.997662186655723
dish,-2.0,400.0,19.000000000000004,,852,851,2642.051513650122,1692586.084856036,0.9976539597522536
dish,-2.0,400.0,19.1,,849,848,2637.286054501404,1689519.1424915115,0.9976456747424043
dish,-2.0,400.0,19.200000000000003,,847,846,2638.6181165060125,1690363.0848871914,0.9976401188164629
dish,-2.0,400.0,19.300000000000004,,844,843,2633.605332155726,1687137.5958001583,0.9976317355854538
dish,-2.0,400.0,19.400000000000002,,842,841,2634.719607759851,1687841.910307933,0.9976261135967408
dish,-2.0,400.0,19.500000000000004,,839,838,2629.4627547554564,1684459.9656569622,0.9976176303875006
dish,-2.0,400.0,19.6,,836,835,2624.0802756437197,1680997.4991000597,0.997609086330441
dish,-2.0,400.0,19.700000000000003,,834,833,2624.8640691490564,1681489.9423417554,0.9976033561639893
dish,-2.0,400.0,19.800000000000004,,831,830,2619.2426169221803,1677874.2922690331,0.9975947092291627
dish,-2.0,400.0,19.900000000000002,,829,828,2619.815022184985,1678231.21613437,0.9975889098584046
dish,-2.0,400.0,20.000000000000004,,826,825,2613.95785339043,1674464.4737043986,0.9975801581764562
dish,-2.0,400.0,20.1,,824,823,2614.321360711704,1674687.4773146373,0.9975742883400882
dish,-2.0,400.0,20.200000000000003,,821,820,2608.2317318969303,1670771.7336859887,0.9975654299960982
dish,-2.0,400.0,20.300000000000004,,819,818,2608.388831577673,1670862.4161623903,0.9975594884019792
dish,-2.0,400.0,20.400000000000002,,816,815,2602.069999290142,1666799.7624936346,0.9975505214340635
dish,-2.0,400.0,20.500000000000004,,814,813,2602.023181631352,1666759.7229574593,0.9975445067582658
dish,-2.0,400.0,20.6,,811,810,2595.478402418524,1662552.250407169,0.9975354291561314
dish,-2.0,400.0,20.700000000000003,,809,808,2595.230157721202,1662383.0879796771,0.9975293400419568
dish,-2.0,400.0,20.800000000000004,,806,805,2588.4626881305385,1658032.8877064236,0.9975201497453956
dish,-2.0,400.0,20.900000000000002,,804,803,2588.0155066956827,1657736.2015088752,0.9975139848023561
dish,-2.0,400.0,21.000000000000004,,802,801,2587.4771419319236,1657381.0612787902,0.9975077891306643
dish,-2.0,400.0,21.1,,799,798,2580.3849754032544,1652822.7538248855,0.9974984375024469
dish,-2.0,400.0,21.200000000000003,,797,796,2579.6512369480074,1652342.3777982404,0.9974921639964166
dish,-2.0,400.0,21.300000000000004,,794,793,2572.3443106923773,1647646.4352075406,0.9974826945161759
dish,-2.0,400.0,21.400000000000002,,792,791,2571.4176888466422,1647042.4225055953,0.9974763416998261
dish,-2.0,400.0,21.500000000000004,,790,789,2570.4024889099715,1646381.6286979704,0.9974699567377022
dish,-2.0,400.0,21.6,,787,786,2562.7822444762874,1641484.8856806864,0.997460318485426
dish,-2.0,400.0,21.700000000000003,,785,784,2561.577724195174,1640702.7431712574,0.9974538520832485
dish,-2.0,400.0,21.800000000000004,,783,782,2560.2861583160498,1639864.8036307709,0.9974473526682094
dish,-2.0,400.0,21.900000000000002,,780,779,2552.3593003608476,1634771.5655133731,0.9974375410913868
dish,-2.0,400.0,22.000000000000004,,778,777,2550.8819771833255,1633814.5652445783,0.9974309580296188
dish,-2.0,400.0,22.1,,776,775,2549.319140900713,1632802.7520193474,0.9974243410564353
dish,-2.0,400.0,22.200000000000003,,773,773,2541.092374080531,1631736.4210600671,0.9999999999999998
dish,-2.0,400.0,22.300000000000004,,771,770,2539.3473435455676,1626388.7381482634,0.9974076485302997
dish,-2.0,400.0,22.400000000000002,,769,768,2537.5183323984375,1625206.3232864058,0.9974009107803861
dish,-2.0,400.0,22.500000000000004,,767,766,2535.605800387018,1623970.374765121,0.9973941379152083
dish,-2.0,400.0,22.6,,764,764,2526.9907190163744,1622681.187806795,0.9999999999999998
dish,-2.0,400.0,22.700000000000003,,762,761,2524.900628543694,1617086.3668546516,0.997377050309656
dish,-2.0,400.0,22.800000000000004,,760,759,2522.728549699647,1615684.0728194795,0.9973701523545704
dish,-2.0,400.0,22.900000000000002,,758,757,2520.4749422321097,1614229.5244218877,0.997363218022709
dish,-2.0,400.0,23.000000000000004,,756,755,2518.14026588896,1612723.016884264,0.9973562470255587
dish,-2.0,400.0,23.1,,753,752,2509.056394933249,1606888.3646458483,0.9973457211437559
dish,-2.0,400.0,23.200000000000003,,751,750,2506.5498686649753,1605271.7268571097,0.9973386572009625
dish,-2.0,400.0,23.300000000000004,,749,748,2503.963806014011,1603604.1140029596,0.9973315555587244
dish,-2.0,400.0,23.400000000000002,,747,746,2501.298666728234,1601885.821305785,0.9973244159144381
dish,-2.0,400.0,23.500000000000004,,745,744,2498.5549105555197,1600117.143987974,0.9973172379622538
dish,-2.0,400.0,23.6,,743,742,2495.732997243745,1598298.377271911,0.9973100213930284
dish,-2.0,400.0,23.700000000000003,,741,740,2492.8333865407885,1596429.8163799837,0.9973027658942848
dish,-2.0,400.0,23.800000000000004,,738,737,2483.122649355031,1590193.514084669,0.9972918089614498
dish,-2.0,400.0,23.900000000000002,,736,735,2480.059042753179,1588219.8663240634,0.9972844547495272
dish,-2.0,400.0,24.000000000000004,,734,733,2476.9192712530667,1586197.408462215,0.9972770604874932
dish,-2.0,400.0,24.1,,732,731,2473.7037946025707,1584126.4357215106,0.9972696258472931
dish,-2.0,400.0,24.200000000000003,,730,729,2470.413072549569,1582007.2433243364,0.9972621504972788
dish,-2.0,400.0,24.300000000000004,,728,727,2467.0475648419374,1579840.1264930796,0.9972546341021613
dish,-2.0,400.0,24.400000000000002,,726,725,2463.607731227552,1577625.3804501258,0.997247076322959
dish,-2.0,400.0,24.500000000000004,,724,723,2460.0940314542913,1575363.3004178624,0.9972394768169467
dish,-2.0,400.0,24.6,,722,721,2456.5069252700305,1573054.1816186751,0.9972318352376054
dish,-2.0,400.0,24.700000000000003,,720,719,2452.846872422648,1570698.3192749517,0.9972241512345676
dish,-2.0,400.0,24.800000000000004,,718,717,2449.1143326600195,1568296.0086090777,0.9972164244535656
dish,-2.0,400.0,24.900000000000002,,716,715,2445.309765730022,1565847.5448434397,0.9972086545363751
dish,-2.0,400.0,25.000000000000004,,714,713,2441.4336313805334,1563353.2232004248,0.9972008411207616
dish,-2.0,400.0,25.1,,712,711,2437.4863893594284,1560813.3389024192,0.9971929838404239
dish,-2.0,400.0,25.200000000000003,,710,709,2433.468499414586,1558228.1871718098,0.9971850823249353
dish,-2.0,400.0,25.300000000000004,,708,707,2429.380421293881,1555598.0632309825,0.9971771361996871
dish,-2.0,400.0,25.400000000000002,,706,705,2425.222614745192,1552923.2623023242,0.9971691450858283
dish,-2.0,400.0,25.500000000000004,,704,703,2420.9955395163956,1550204.0796082218,0.9971611086002062
dish,-2.0,400.0,25.6,,702,701,2416.6996553553668,1547440.810371061,0.9971530263553054
dish,-2.0,400.0,25.700000000000003,,700,699,2412.3354220099845,1544633.7498132293,0.9971448979591836
dish,-2.0,400.0,25.800000000000004,,698,697,2407.903299228125,1541783.1931571127,0.9971367230154102
dish,-2.0,400.0,25.900000000000002,,696,695,2403.4037467576645,1538889.4356250972,0.9971285011230012
dish,-2.0,400.0,26.000000000000004,,694,693,2398.8372243464805,1535952.7724395709,0.9971202318763545
dish,-2.0,400.0,26.1,,692,691,2394.204191742449,1532973.4988229186,0.9971119148651805
dish,-2.0,400.0,26.200000000000003,,690,689,2389.5051086934477,1529951.9099975287,0.997103549674438
dish,-2.0,400.0,26.300000000000004,,688,688,2384.740434947353,1531336.6259997685,0.9999999999999998
dish,-2.0,400.0,26.400000000000002,,687,686,2386.8542024356902,1528235.2164216149,0.997090910631842
dish,-2.0,400.0,26.500000000000004,,685,684,2381.9657224175994,1525092.2788944202,0.9970824231445465
dish,-2.0,400.0,26.6,,683,682,2377.0128776967535,1521908.108640571,0.9970738859865932
dish,-2.0,400.0,26.700000000000003,,681,680,2371.9961280210296,1518683.0008824538,0.9970652987206771
dish,-2.0,400.0,26.800000000000004,,679,678,2366.9159331383044,1515417.250842455,0.9970566609043444
dish,-2.0,400.0,26.900000000000002,,677,676,2361.772752796454,1512111.1537429611,0.9970479720899176
dish,-2.0,400.0,27.000000000000004,,675,675,2356.567046743356,1513245.3735502148,0.9999999999999997
dish,-2.0,400.0,27.1,,674,673,2358.29198246487,1509862.7277460755,0.9970348422544881
dish,-2.0,400.0,27.200000000000003,,672,671,2352.9675656787444,1506440.522142139,0.997026023951247
dish,-2.0,400.0,27.300000000000004,,670,669,2347.5818491757086,1502979.051960791,0.9970171530407661
dish,-2.0,400.0,27.400000000000002,,668,667,2342.1352927036405,1499478.6124244193,0.99700822905088
dish,-2.0,400.0,27.500000000000004,,666,666,2336.628356010416,1500441.9476735925,0.9999999999999998
dish,-2.0,400.0,27.6,,665,664,2338.088055519327,1496867.2474060706,0.9969947424953358
dish,-2.0,400.0,27.700000000000003,,663,662,2332.4659711391205,1493254.3650432222,0.9969856837038097
dish,-2.0,400.0,27.800000000000004,,661,660,2326.7847325320954,1489603.595807433,0.9969765701351043
dish,-2.0,400.0,27.900000000000002,,659,658,2321.04479944613,1485915.23492109,0.996967401290869
dish,-2.0,400.0,28.000000000000004,,658,657,2322.2999303060164,1486711.8925311908,0.9969627959830376
dish,-2.0,400.0,28.1,,656,655,2316.4476463326528,1482951.5588871941,0.9969535432778104
dish,-2.0,400.0,28.200000000000003,,654,653,2310.5378938746853,1479154.420852341,0.9969442340244461
dish,-2.0,400.0,28.300000000000004,,652,651,2304.571132679993,1475320.773649018,0.9969348677029619
dish,-2.0,400.0,28.400000000000002,,651,650,2305.625717684777,1475988.9234144408,0.9969301629774349
dish,-2.0,400.0,28.500000000000004,,649,648,2299.5494024022696,1472085.0993896488,0.9969207100647907
dish,-2.0,400.0,28.6,,647,646,2293.417304377375,1468145.5534560843,0.9969111987558793
dish,-2.0,400.0,28.700000000000003,,646,645,2294.32756686116,1468721.224808921,0.9969064210334612
dish,-2.0,400.0,28.800000000000004,,644,643,2288.0879453015727,1464712.8059527613,0.9968968211102965
dish,-2.0,400.0,28.900000000000002,,642,641,2281.793766993936,1460669.4524475266,0.9968871614211818
dish,-2.0,400.0,29.000000000000004,,640,640,2275.4454916861273,1461153.9984903822,0.9999999999999998
dish,-2.0,400.0,29.1,,639,638,2276.1621428452854,1457043.0759614261,0.9968725585997288
dish,-2.0,400.0,29.200000000000003,,637,636,2269.7091408023684,1452898.006043093,0.996862747030946
dish,-2.0,400.0,29.300000000000004,,635,635,2263.2032677536167,1453292.779878572,0.9999999999999998
dish,-2.0,400.0,29.400000000000002,,634,633,2263.7806153060983,1449081.4448353916,0.996847913701997
dish,-2.0,400.0,29.500000000000004,,632,631,2257.1720460753613,1444836.7496625308,0.9968379466431658
dish,-2.0,400.0,29.6,,631,630,2257.6619840627613,1445143.1043932387,0.9968329394390709
dish,-2.0,400.0,29.700000000000003,,629,628,2250.9519829567007,1440833.4479944047,0.9968228773054357
dish,-2.0,400.0,29.800000000000004,,627,626,2244.191103085605,1436491.2187255882,0.996812751030832
dish,-2.0,400.0,29.900000000000002,,626,625,2244.545147263081,1436710.5074541296,0.9968076636487049
dish,-2.0,800.0,0.1,,836,835,6.694082335825817,4288.258926275663,0.9976090863304408
dish,-2.0,800.0,0.2,,835,834,13.356154725727874,8555.987595753437,0.9976062246763956
dish,-2.0,800.0,0.30000000000000004,,834,833,19.986274638190785,12803.22291123164,0.9976033561639893
dish,-2.0,800.0,0.4,,833,832,26.584499541699138,17030.001775508594,0.9976004807685377
dish,-2.0,800.0,0.5,,832,831,33.15088690473755,21236.36109138261,0.9975975984652363
dish,-2.0,800.0,0.6,,831,830,39.685494195790604,25422.337761652012,0.9975947092291626
dish,-2.0,800.0,0.7000000000000001,,830,829,46.18837888334293,29587.968689115118,0.9975918130352731
dish,-2.0,800.0,0.8,,829,828,52.6595984358791,33733.29077657025,0.9975889098584045
dish,-2.0,800.0,0.9,,828,827,59.099210321883746,37858.34092681572,0.9975859996732708
dish,-2.0,800.0,1.0,,827,826,65.50727200984144,41963.15604264985,0.9975830824544649
dish,-2.0,800.0,1.1,,826,825,71.88384096823681,46047.77302687096,0.9975801581764563
dish,-2.0,800.0,1.2000000000000002,,824,824,78.03944360333446,50112.228782277365,0.9999999999999997
dish,-2.0,800.0,1.3000000000000003,,823,822,84.33765428297393,54025.032487993674,0.9975713427300467
dish,-2.0,800.0,1.4000000000000001,,822,821,90.60458295082792,58039.33119001878,0.9975683899574357
dish,-2.0,800.0,1.5000000000000002,,821,820,96.8402870753811,62033.60397348967,0.9975654299960977
dish,-2.0,800.0,1.6,,819,819,102.79364853508072,66007.88774120469,0.9999999999999997
dish,-2.0,800.0,1.7000000000000002,,818,817,108.95170315885474,69791.26718275144,0.9975565067162436
dish,-2.0,800.0,1.8000000000000003,,817,816,115.07874395710478,73715.84903159774,0.9975535177358723
dish,-2.0,800.0,1.9000000000000001,,816,815,121.17482839831543,77620.57717494867,0.9975505214340635
dish,-2.0,800.0,2.0,,814,813,126.92796007957816,81305.35233938825,0.9975445067582658
dish,-2.0,800.0,2.1,,813,812,132.94710379798644,85160.7352909209,0.9975414883300124
dish,-2.0,800.0,2.2,,812,811,138.93550187713225,88996.39984721865,0.99753846247179
dish,-2.0,800.0,2.3000000000000003,,810,809,144.53611220025917,92583.35799424851,0.9975323883554333
dish,-2.0,800.0,2.4000000000000004,,809,808,150.44812508528705,96370.03408577837,0.9975293400419568
dish,-2.0,800.0,2.5000000000000004,,807,807,155.94288803785642,100137.12709233387,0.9999999999999997
dish,-2.0,800.0,2.6,,806,805,161.77891800815866,103627.05548165145,0.9975201497453954
dish,-2.0,800.0,2.7,,805,804,167.58456630626756,107345.5167504895,0.9975170711006517
dish,-2.0,800.0,2.8000000000000003,,803,802,172.92891507846983,110768.12828520767,0.9975108908219331
dish,-2.0,800.0,2.9000000000000004,,802,801,178.65913599053758,114438.21613591647,0.9975077891306645
dish,-2.0,800.0,3.0000000000000004,,800,799,183.89915072894345,117793.91674681673,0.9975015625
dish,-2.0,800.0,3.1,,799,798,189.55434653436225,121415.88949898448,0.9974984375024473
dish,-2.0,800.0,3.2,,798,797,195.17952463465687,125018.61129136277,0.9974953046777343
dish,-2.0,800.0,3.3000000000000003,,796,795,200.27123237046447,128279.20109006332,0.9974890154289031
dish,-2.0,800.0,3.4000000000000004,,795,794,205.82194089279463,131834.16451095103,0.9974858589454532
dish,-2.0,800.0,3.5000000000000004,,793,792,210.81082793156708,135028.81515952267,0.9974795221110311
dish,-2.0,800.0,3.6,,792,791,216.287469155325,138536.278528508,0.9974763416998264
dish,-2.0,800.0,3.7,,790,789,221.1741676503929,141665.3959577323,0.997469956737702
dish,-2.0,800.0,3.8000000000000003,,789,788,226.5771438549708,145125.61759440348,0.9974667521256307
dish,-2.0,800.0,3.9000000000000004,,787,786,231.3622859596648,148189.60773506196,0.997460318485426
dish,-2.0,800.0,4.0,,786,785,236.69199942445488,151602.84595900722,0.9974570893952048
dish,-2.0,800.0,4.1,,784,783,241.3762172921056,154602.1147418813,0.9974506065181171
dish,-2.0,800.0,4.2,,783,782,246.6330702965002,157968.62787268896,0.9974473526682096
dish,-2.0,800.0,4.3,,781,780,251.21699608043824,160903.58122856016,0.9974408199868513
dish,-2.0,800.0,4.3999999999999995,,780,779,256.4013909038294,164223.62758581826,0.9974375410913868
dish,-2.0,800.0,4.5,,778,777,260.8856567573855,167094.6714454682,0.9974309580296188
dish,-2.0,800.0,4.6,,777,776,265.9979956791655,170368.50934876513,0.9974276537983099
dish,-2.0,800.0,4.7,,775,774,270.38323375567023,173176.0496429752,0.9974210197710714
dish,-2.0,800.0,4.8,,774,773,275.4239190552313,176403.93741189915,0.9974176899091266
dish,-2.0,800.0,4.9,,772,771,279.7107615080153,179148.38007145087,0.9974110043222634
dish,-2.0,800.0,5.0,,771,770,284.68019546474966,182330.57602559,0.9974076485302995
dish,-2.0,800.0,5.1,,769,768,288.86927444714354,185012.32698126492,0.9974009107803858
dish,-2.0,800.0,5.2,,768,767,293.76785934044347,188149.0894402076,0.9973975287543401
dish,-2.0,800.0,5.3,,766,765,297.8598070057778,190768.5546227871,0.9973907382284967
dish,-2.0,800.0,5.4,,765,764,302.68794511503546,193860.1419061215,0.9973873296595326
dish,-2.0,800.0,5.5,,763,762,306.68339361664096,196417.7272463872,0.9973804857352414
dish,-2.0,800.0,5.6,,762,761,311.4414872212485,199464.3976737015,0.9973770503096561
dish,-2.0,800.0,5.7,,760,759,315.34106871245575,201960.50910243488,0.9973701523545705
dish,-2.0,800.0,5.8,,759,758,320.0295200918056,204962.52099331733,0.9973666897536976
dish,-2.0,800.0,5.9,,757,756,323.83386672594526,207397.56444129997,0.9973597371254465
dish,-2.0,800.0,6.0,,756,755,328.4530781594295,210355.17611533878,0.9973562470255589
dish,-2.0,800.0,6.1,,754,753,332.16282208983216,212729.55751335202,0.9973492390715473
dish,-2.0,800.0,6.2,,753,752,336.713195856843,215643.02729013548,0.9973457211437556
dish,-2.0,800.0,6.3,,751,750,340.32896923683927,217957.1525689609,0.9973386572009622
dish,-2.0,800.0,6.4,,750,749,344.810907616769,220826.73876807725,0.9973351111111107
dish,-2.0,800.0,6.5,,748,747,348.33334259968956,223081.0138584964,0.9973279905058765
dish,-2.0,800.0,6.6,,747,746,352.7472478719303,225906.97479953378,0.9973244159144384
dish,-2.0,800.0,6.7,,745,744,356.17697661110594,228101.80563232815,0.9973172379622536
dish,-2.0,800.0,6.8,,744,743,360.5232510550499,230884.39963487486,0.9973136345242223
dish,-2.0,800.0,6.9,,742,741,363.8609057038111,233020.1921408259,0.9973063985295075
dish,-2.0,800.0,7.0,,741,740,368.13995159885053,235759.67752447017,0.9973027658942849
dish,-2.0,800.0,7.1,,739,738,371.3861643105278,237836.8376343594,0.9972954711501661
dish,-2.0,800.0,7.2,,738,737,375.5983839360551,240533.47271868945,0.9972918089614499
dish,-2.0,800.0,7.3,,736,735,378.75378686397914,242552.4063632984,0.9972844547495273
dish,-2.0,800.0,7.4,,735,734,382.8995824993863,245206.44946790242,0.997280762645194
dish,-2.0,800.0,7.5,,733,732,385.9648077968879,247167.5625780125,0.9972733482353068
dish,-2.0,800.0,7.6,,732,731,390.04458172156717,249779.27202247878,0.997269625847293
dish,-2.0,800.0,7.7,,730,729,393.0202615419768,251682.9705288717,0.997262150497279
dish,-2.0,800.0,7.8,,728,728,395.945905468459,254252.60463278843,0.9999999999999998
dish,-2.0,800.0,7.9,,727,726,399.92118253196895,256099.29446624548,0.9972508604069025
dish,-2.0,800.0,8.0,,725,725,402.75829625792045,258627.11154920093,0.9999999999999998
dish,-2.0,800.0,8.1,,724,723,406.6686051995868,260417.19864050372,0.9972394768169468
dish,-2.0,800.0,8.2,,722,722,409.41782087833843,262903.4570220861,0.9999999999999998
dish,-2.0,800.0,8.3,,721,720,413.2635639775537,264637.34730201616,0.9972279985610983
dish,-2.0,800.0,8.4,,719,719,415.9255137624359,267082.30530181364,0.9999999999999997
dish,-2.0,800.0,8.5,,718,717,419.7070932985921,268760.4047011524,0.9972164244535654
dish,-2.0,800.0,8.6,,716,716,422.28240934293547,271164.32063875324,0.9999999999999998
dish,-2.0,800.0,8.7,,715,714,426.00022759542486,272787.03508828225,0.9972047532886691
dish,-2.0,800.0,8.8,,713,713,428.48954205256035,275150.16728327476,0.9999999999999997
dish,-2.0,800.0,8.9,,712,711,432.1440013007752,276717.9027137755,0.9971929838404239
dish,-2.0,800.0,9.0,,710,710,434.5479463240331,279040.50948574784,0.9999999999999998
dish,-2.0,800.0,9.1,,709,708,438.1394488473655,280553.6718280018,0.9971811148621091
dish,-2.0,800.0,9.2,,708,707,441.705531144342,282836.0114965422,0.9971771361996868
dish,-2.0,800.0,9.3,,706,705,443.9876046679191,284295.00668133097,0.997169145085828
dish,-2.0,800.0,9.4,,705,704,447.4912857686976,286537.3375660277,0.9971651325386045
dish,-2.0,800.0,9.5,,703,702,449.68950319515824,287942.57152413274,0.997157073222058
dish,-2.0,800.0,9.6,,702,701,453.13118537913124,290145.1519445739,0.9971530263553053
dish,-2.0,800.0,9.700000000000001,,700,699,455.2461788618064,291497.0306067767,0.9971448979591836
dish,-2.0,800.0,9.8,,699,698,458.6262644083659,293660.1188825507,0.9971408163307073
dish,-2.0,800.0,9.9,,697,696,460.658666100586,294959.0481796327,0.9971326179630267
dish,-2.0,800.0,10.0,,696,695,463.9775572891243,297082.9026303276,0.9971285011230014
dish,-2.0,800.0,10.1,,694,693,465.92799934422015,298329.28849307046,0.9971202318763546
dish,-2.0,800.0,10.200000000000001,,693,692,469.1860984541295,300414.1674382747,0.9971160793671615
dish,-2.0,800.0,10.3,,691,690,471.05521302543156,301608.4157974597,0.9971077383183832
dish,-2.0,800.0,10.4,,690,689,474.25292233610406,303654.57755676133,0.9971035496744379
dish,-2.0,800.0,10.5,,688,687,476.04134157694307,304797.0943431702,0.9970951358842616
dish,-2.0,800.0,10.6,,687,686,479.179063367771,306804.7972361575,0.9970909106318423
dish,-2.0,800.0,10.700000000000001,,685,685,480.8874194314776,308796.9271482544,0.9999999999999997
dish,-2.0,800.0,10.8,,684,683,483.96555598185324,309865.4907268328,0.9970781608016139
dish,-2.0,800.0,10.9,,683,682,487.01955576869574,311819.51849966584,0.9970738859865932
dish,-2.0,800.0,11.0,,681,680,488.6134346110735,312837.32227915706,0.9970652987206767
dish,-2.0,800.0,11.1,,680,679,491.6084046861481,314753.5062323144,0.9970609861591693
dish,-2.0,800.0,11.200000000000001,,678,677,493.12373368815463,315720.95614350005,0.9970523229000791
dish,-2.0,800.0,11.3,,677,676,496.06007633085363,317599.5545965699,0.9970479720899177
dish,-2.0,800.0,11.4,,675,674,497.49748764581955,318517.0565702313,0.9970392318244166
dish,-2.0,800.0,11.5,,674,673,500.3756051355352,320358.3278428019,0.9970348422544879
dish,-2.0,800.0,11.6,,673,672,503.2301030780789,322184.45666712924,0.9970304396494815
dish,-2.0,800.0,11.700000000000001,,671,670,504.55602553291556,323030.49022138043,0.9970215951012898
dish,-2.0,800.0,11.8,,670,669,507.35285385116043,324819.64859225886,0.9970171530407661
dish,-2.0,800.0,11.9,,668,667,508.6023719557175,325616.70598267496,0.99700822905088
dish,-2.0,800.0,12.0,,667,666,511.3419329290558,327369.1522196929,0.9970037470020611
dish,-2.0,800.0,12.1,,665,664,512.5156788366642,328117.6393770553,0.9969947424953355
dish,-2.0,800.0,12.200000000000001,,664,663,515.1983747444879,329833.63179980085,0.9969902199158077
dish,-2.0,800.0,12.3,,663,662,517.8579683215014,331534.8138994879,0.9969856837038097
dish,-2.0,800.0,12.4,,661,660,518.9232137301796,332213.7515829526,0.9969765701351043
dish,-2.0,800.0,12.5,,660,659,521.526497770363,333878.8365954177,0.9969719926538106
dish,-2.0,800.0,12.6,,658,657,522.5174843188536,334510.17581951787,0.9969627959830376
dish,-2.0,800.0,12.700000000000001,,657,656,525.0648611015995,336139.4220643494,0.9969581766666897
dish,-2.0,800.0,12.8,,656,655,527.589499520604,337754.09170384496,0.9969535432778109
dish,-2.0,800.0,12.9,,654,653,528.4740927479334,338317.23455665243,0.9969442340244459
dish,-2.0,800.0,13.0,,653,652,530.9433794381847,339896.4221555647,0.9969395580299664
dish,-2.0,800.0,13.1,,651,651,531.7552271420876,341461.1684594017,0.9999999999999998
dish,-2.0,800.0,13.200000000000001,,650,649,534.169564382978,341956.902200614,0.996925443786982
dish,-2.0,800.0,13.3,,649,648,536.5615272271963,343486.5231909181,0.9969207100647907
dish,-2.0,800.0,13.4,,647,646,537.2690887877067,343936.19608936243,0.9969111987558795
dish,-2.0,800.0,13.5,,646,645,539.6066577112484,345430.9500857218,0.9969064210334609
dish,-2.0,800.0,13.6,,645,644,541.922062955895,346911.4965047286,0.996901628507902
dish,-2.0,800.0,13.700000000000001,,643,642,542.5265643673512,347295.11339418276,0.996891998771311
dish,-2.0,800.0,13.8,,642,641,544.7881312200057,348741.14954629535,0.9968871614211816
dish,-2.0,800.0,13.9,,640,640,545.3222816282271,350173.1134313157,0.9999999999999997
dish,-2.0,800.0,14.0,,639,638,547.5304123682818,350491.46157147706,0.9968725585997288
dish,-2.0,800.0,14.1,,638,637,549.7167433965104,351889.27191665367,0.9968676604986191
dish,-2.0,800.0,14.200000000000001,,636,635,550.1499408334463,352163.0968306438,0.9968578181242831
dish,-2.0,800.0,14.3,,635,634,552.2833912777597,353527.0119555648,0.9968528737057473
dish,-2.0,800.0,14.4,,634,633,554.395252728024,354877.0885311163,0.996847913701997
dish,-2.0,800.0,14.5,,632,631,554.7287231880125,355086.9977984186,0.9968379466431659
dish,-2.0,800.0,14.6,,631,630,556.7882595830459,356403.53588076495,0.9968329394390708
dish,-2.0,800.0,14.700000000000001,,630,629,558.826417701807,357706.3707240023,0.9968279163517256
dish,-2.0,800.0,14.8,,628,627,559.0613871791863,357853.15160431433,0.9968178222240249
dish,-2.0,800.0,14.9,,627,626,561.0477757714011,359122.804681397,0.996812751030832
dish,-2.0,800.0,15.0,,626,625,563.0129968051206,360378.8898296312,0.9968076636487051
dish,-2.0,800.0,15.1,,624,623,563.1506912942289,360463.3295826504,0.9967974400065744
dish,-2.0,800.0,15.200000000000001,,623,622,565.0646983300867,361686.5896917803,0.9967923035897855
dish,-2.0,800.0,15.3,,622,621,566.9577485252257,362896.4171823221,0.9967871506704851
dish,-2.0,800.0,15.4,,620,620,566.9993940204013,364092.8489570744,0.9999999999999998
dish,-2.0,800.0,15.5,,619,618,568.8417857463629,364096.66224623396,0.9967715920983606
dish,-2.0,800.0,15.6,,618,617,570.6634313493831,365260.7241163944,0.9967663723672769
dish,-2.0,800.0,15.700000000000001,,617,616,572.4643882979464,366411.5255810258,0.9967611357302153
dish,-2.0,800.0,15.8,,615,614,572.3817965074913,366354.7936790774,0.9967506114085529
dish,-2.0,800.0,15.9,,614,613,574.1328037648539,367473.5819661674,0.9967453235578095
dish,-2.0,800.0,16.0,,613,612,575.8633330855363,368579.24515798874,0.9967400184687932
dish,-2.0,800.0,16.1,,611,610,575.6874891007325,368462.7553246299,0.9967293562376615
dish,-2.0,800.0,16.200000000000003,,610,609,577.3686242588989,369536.76206596027,0.9967239989250198
dish,-2.0,800.0,16.3,,609,608,579.029492198162,370597.7790222826,0.9967186240330453
dish,-2.0,800.0,16.400000000000002,,608,607,580.6701503870063,371645.8430963951,0.9967132314750693
dish,-2.0,800.0,16.500000000000004,,606,605,580.3736513187791,371452.0357500925,0.9967023930115781
dish,-2.0,800.0,16.6,,605,604,581.9656241230841,372468.89850822656,0.9966969469298543
dish,-2.0,800.0,16.700000000000003,,604,603,583.5375978947475,373472.94369441137,0.9966914828297001
dish,-2.0,800.0,16.8,,602,602,583.1506434317553,374464.20821144525,0.9999999999999998
dish,-2.0,800.0,16.900000000000002,,601,600,584.6744873475637,374194.37495013996,0.9966749815199846
dish,-2.0,800.0,17.000000000000004,,600,599,586.1785429485074,375154.89328570815,0.9966694444444444
dish,-2.0,800.0,17.1,,599,598,587.6628677030706,376102.76626238564,0.9966638888966305
dish,-2.0,800.0,17.200000000000003,,597,597,587.1588403588619,377038.0307829712,0.9999999999999998
dish,-2.0,800.0,17.3,,596,595,588.5957440355469,376693.46320460434,0.9966471104905184
dish,-2.0,800.0,17.400000000000002,,595,594,590.0131275836288,377598.43667823664,0.99664148012146
dish,-2.0,800.0,17.500000000000004,,594,593,591.4110484715919,378490.9370060374,0.9966358308109148
dish,-2.0,800.0,17.6,,592,592,590.7919596431274,379371.0010908045,0.9999999999999997
dish,-2.0,800.0,17.700000000000003,,591,590,592.1431682311891,378952.99079331756,0.9966187682696739
dish,-2.0,800.0,17.8,,590,589,593.4751248769088,379803.2189656442,0.9966130422292441
dish,-2.0,800.0,17.900000000000002,,589,588,594.7878870487713,380641.14620519814,0.9966072967620869
dish,-2.0,800.0,18.000000000000004,,588,587,596.0815122152611,381466.8094147775,0.9966015317691698
dish,-2.0,800.0,18.1,,586,585,595.3225067829503,380976.64799611125,0.9965899428065554
dish,-2.0,800.0,18.200000000000003,,585,584,596.5702816768078,381772.9304277626,0.9965841186354003
dish,-2.0,800.0,18.3,,584,583,597.7991302830692,382557.08413969993,0.9965782745355598
dish,-2.0,800.0,18.400000000000002,,583,582,599.0091100702197,383329.14603472163,0.9965724104045729
dish,-2.0,800.0,18.500000000000004,,581,581,598.1395065392909,384089.15301562584,0.9999999999999997
dish,-2.0,800.0,18.6,,580,579,599.3043448317858,383511.2613444237,0.9965546967895359
dish,-2.0,800.0,18.700000000000003,,579,578,600.4505250229461,384242.44108937477,0.9965487514951928
dish,-2.0,800.0,18.8,,578,577,601.5781045812568,384961.7012304689,0.9965427856467234
dish,-2.0,800.0,18.900000000000002,,577,576,602.6871409752023,385669.0786705045,0.9965367991373535
dish,-2.0,800.0,19.000000000000004,,575,575,601.683061190303,386364.61031227984,0.9999999999999998
dish,-2.0,800.0,19.1,,574,573,602.7478181168622,385700.90733405424,0.9965187145649451
dish,-2.0,800.0,19.200000000000003,,573,572,603.7942425968328,386368.1652818512,0.996512644329316
dish,-2.0,800.0,19.300000000000004,,572,571,604.8223920987,387023.71274164837,0.9965065528876714
dish,-2.0,800.0,19.400000000000002,,571,570,605.8323240909477,387667.5866162441,0.9965004401286954
dish,-2.0,800.0,19.500000000000004,,570,569,606.8240960420613,388299.82380843675,0.9964943059402891
dish,-2.0,800.0,19.6,,568,567,605.663270965408,387552.22846870025,0.9964819728228523
dish,-2.0,800.0,19.700000000000003,,567,566,606.6117787256964,388156.7455088894,0.9964757736656619
dish,-2.0,800.0,19.800000000000004,,566,565,607.5423371626272,388749.76117693575,0.9964695526227069
dish,-2.0,800.0,19.900000000000002,,565,564,608.4550037446849,389331.3123756378,0.9964633095778836
dish,-2.0,800.0,20.000000000000004,,564,563,609.3498359403543,389901.436007794,0.9964570444142646
dish,-2.0,800.0,20.1,,563,562,610.2268912181197,390460.1689762024,0.9964507570140927
dish,-2.0,800.0,20.200000000000003,,561,560,608.9134777367652,389614.82427418645,0.9964381150288664
dish,-2.0,800.0,20.300000000000004,,560,559,609.748284100267,390146.4890400283,0.9964317602040813
dish,-2.0,800.0,20.400000000000002,,559,558,610.5655242636418,390666.89845238294,0.9964253826632655
dish,-2.0,800.0,20.500000000000004,,558,557,611.3652556953743,391176.0894140487,0.9964189822843997
dish,-2.0,800.0,20.6,,557,556,612.147535863949,391674.098827824,0.9964125589445895
dish,-2.0,800.0,20.700000000000003,,556,555,612.9124222378507,392160.96359650715,0.9964061125200557
dish,-2.0,800.0,20.800000000000004,,555,554,613.6599722855638,392636.7206228962,0.996399642886129
dish,-2.0,800.0,20.900000000000002,,553,552,612.174229975047,391680.98735017685,0.996386633486915
dish,-2.0,800.0,21.000000000000004,,552,551,612.8806996343499,392130.4265308985,0.9963800934677588
dish,-2.0,800.0,21.1,,551,550,613.5700436852412,392568.89327958674,0.9963735297314564
dish,-2.0,800.0,21.200000000000003,,550,549,614.2423195962056,392996.42449904006,0.9963669421487601
dish,-2.0,800.0,21.300000000000004,,549,548,614.8975848357273,393413.0570920565,0.9963603305894803
dish,-2.0,800.0,21.400000000000002,,548,547,615.5358968722913,393818.82796143455,0.9963536949224784
dish,-2.0,800.0,21.500000000000004,,547,546,616.1573131743821,394213.7740099724,0.9963470350156576
dish,-2.0,800.0,21.6,,546,545,616.7618912104842,394597.9321404686,0.9963403507359551
dish,-2.0,800.0,21.700000000000003,,544,544,615.086263448759,394971.3392557213,0.9999999999999998
dish,-2.0,800.0,21.800000000000004,,543,542,615.6510828715969,393879.26244414755,0.9963201503142283
dish,-2.0,800.0,21.900000000000002,,542,541,616.1992747462228,394227.2988855562,0.9963133671927125
dish,-2.0,800.0,22.000000000000004,,541,540,616.7308965411219,394564.71962198196,0.99630655901818
dish,-2.0,800.0,22.1,,540,539,617.2460057247781,394891.56155622297,0.9962997256515774
dish,-2.0,800.0,22.200000000000003,,539,538,617.7446597656767,395207.8615910777,0.996292866952819
dish,-2.0,800.0,22.300000000000004,,538,537,618.2269161323019,395513.65662934445,0.9962859827807796
dish,-2.0,800.0,22.400000000000002,,537,536,618.6928322931382,395808.9835738213,0.9962790729932826
dish,-2.0,800.0,22.500000000000004,,536,535,619.1424657166705,396093.87932730705,0.9962721374470926
dish,-2.0,800.0,22.6,,535,534,619.5758738713831,396368.3807925995,0.9962651759979035
dish,-2.0,800.0,22.700000000000003,,534,533,619.9931142257611,396632.52487249736,0.9962581885003291
dish,-2.0,800.0,22.800000000000004,,533,532,620.3942442482886,396886.34846979886,0.9962511748078945
dish,-2.0,800.0,22.900000000000002,,531,530,618.4477579405495,395635.51581985864,0.9962370682470268
dish,-2.0,800.0,23.000000000000004,,530,529,618.8110641221277,395865.1127300639,0.9962299750800994
dish,-2.0,800.0,23.1,,529,528,619.1584706896323,396084.5244679332,0.9962228551213008
dish,-2.0,800.0,23.200000000000003,,528,527,619.4900351115482,396293.78793626494,0.9962157082185487
dish,-2.0,800.0,23.300000000000004,,527,526,619.8058148563598,396492.9400378574,0.9962085342186082
dish,-2.0,800.0,23.400000000000002,,526,525,620.1058673925517,396682.0176755089,0.9962013329670804
dish,-2.0,800.0,23.500000000000004,,525,524,620.3902501886087,396861.05775201786,0.99619410430839
dish,-2.0,800.0,23.6,,524,523,620.659020713015,397030.09717018233,0.9961868480857758
dish,-2.0,800.0,23.700000000000003,,523,522,620.9122364342558,397189.1728328009,0.9961795641412793
dish,-2.0,800.0,23.800000000000004,,522,521,621.1499548208154,397338.3216426717,0.9961722523157319
dish,-2.0,800.0,23.900000000000002,,521,520,621.3722333411781,397477.58050259313,0.9961649124487456
dish,-2.0,800.0,24.000000000000004,,520,519,621.579129463829,397606.9863153635,0.9961575443786979
dish,-2.0,800.0,24.1,,519,518,621.7707006572523,397726.57598378113,0.9961501479427235
dish,-2.0,800.0,24.200000000000003,,518,517,621.947004389933,397836.3864106444,0.9961427229766994
dish,-2.0,800.0,24.300000000000004,,517,516,622.1080981303554,397936.45449875155,0.9961352693152353
dish,-2.0,800.0,24.400000000000002,,516,515,622.2540393470041,398026.8171509009,0.9961277867916589
dish,-2.0,800.0,24.500000000000004,,515,514,622.384885508364,398107.5112698908,0.9961202752380051
dish,-2.0,800.0,24.6,,514,513,622.5006940829193,398178.5737585196,0.9961127344850036
dish,-2.0,800.0,24.700000000000003,,513,512,622.601522539155,398240.04151958553,0.9961051643620638
dish,-2.0,800.0,24.800000000000004,,512,511,622.6874283455554,398291.95145588706,0.9960975646972655
dish,-2.0,800.0,24.900000000000002,,511,510,622.7584689706052,398334.3404702222,0.996089935317343
dish,-2.0,800.0,25.000000000000004,,510,509,622.8147018827891,398367.2454653897,0.9960822760476737
dish,-2.0,800.0,25.1,,509,508,622.8561845505915,398390.70334418747,0.9960745867122636
dish,-2.0,800.0,25.200000000000003,,508,507,622.8829744424971,398404.75100941403,0.9960668671337342
dish,-2.0,800.0,25.300000000000004,,507,506,622.8951290269908,398409.4253638677,0.9960591171333087
dish,-2.0,800.0,25.400000000000002,,506,505,622.8927057725565,398404.7633103468,0.9960513365308002
dish,-2.0,800.0,25.500000000000004,,505,504,622.8757621476796,398390.80175164965,0.9960435251445935
dish,-2.0,800.0,25.6,,504,503,622.8443556208441,398367.5775905744,0.9960356827916347
dish,-2.0,800.0,25.700000000000003,,503,502,622.798543660535,398335.12772991974,0.9960278092874165
dish,-2.0,800.0,25.800000000000004,,502,501,622.7383837352367,398293.4890724836,0.9960199044459609
dish,-2.0,800.0,25.900000000000002,,501,500,622.6639333134336,398242.6985210645,0.9960119680798082
dish,-2.0,800.0,26.000000000000004,,500,499,622.5752498636108,398182.7929784607,0.9960039999999997
dish,-2.0,800.0,26.1,,499,498,622.4723908542525,398113.80934747047,0.9959960000160637
dish,-2.0,800.0,26.200000000000003,,498,497,622.3554137538435,398035.7845308924,0.9959879679360009
dish,-2.0,800.0,26.300000000000004,,497,496,622.2243760308685,397948.7554315244,0.9959799035662664
dish,-2.0,800.0,26.400000000000002,,496,495,622.0793351538117,397852.7589521651,0.9959718067117582
dish,-2.0,800.0,26.500000000000004,,495,494,621.9203485911581,397747.83199561265,0.9959636771757979
dish,-2.0,800.0,26.6,,494,493,621.747473811392,397634.0114646655,0.9959555147601175
dish,-2.0,800.0,26.700000000000003,,493,492,621.5607682829983,397511.3342621219,0.9959473192648396
dish,-2.0,800.0,26.800000000000004,,492,491,621.3602894744616,397379.8372907801,0.9959390904884656
dish,-2.0,800.0,26.900000000000002,,491,490,621.146094854266,397239.5574534384,0.9959308282278567
dish,-2.0,800.0,27.000000000000004,,490,489,620.9182418908969,397090.53165289544,0.9959225322782174
dish,-2.0,800.0,27.1,,489,488,620.6767880528382,396932.7967919491,0.9959142024330775
dish,-2.0,800.0,27.200000000000003,,488,487,620.4217908085748,396766.389773398,0.9959058384842783
dish,-2.0,800.0,27.300000000000004,,487,486,620.1533076265913,396591.34750004025,0.995897440221951
dish,-2.0,800.0,27.400000000000002,,486,485,619.8713959753724,396407.70687467436,0.9958890074345033
dish,-2.0,800.0,27.500000000000004,,485,484,619.5761133234024,396215.5048000986,0.9958805399085979
dish,-2.0,800.0,27.6,,484,484,619.2675171391661,397656.2884539171,0.9999999999999997
dish,-2.0,800.0,27.700000000000003,,484,483,621.5112400273515,397449.614331934,0.9958720374291371
dish,-2.0,800.0,27.800000000000004,,483,482,621.1801257752318,397234.4648672705,0.9958634997792435
dish,-2.0,800.0,27.900000000000002,,482,481,620.8358320839765,397010.8769627247,0.9958549267402417
dish,-2.0,800.0,28.000000000000004,,481,480,620.47841642207,396778.8875210951,0.99584631809164
dish,-2.0,800.0,28.1,,480,479,620.1079362579974,396538.5334451801,0.9958376736111111
dish,-2.0,800.0,28.200000000000003,,479,478,619.7244490602429,396289.8516377776,0.9958289930744719
dish,-2.0,800.0,28.300000000000004,,478,477,619.3280122972914,396032.8790016864,0.9958202762556675
dish,-2.0,800.0,28.400000000000002,,477,476,618.918683437627,395767.6524397046,0.9958115229267477
dish,-2.0,800.0,28.500000000000004,,476,475,618.496519949735,395494.2088546304,0.9958027328578486
dish,-2.0,800.0,28.6,,475,474,618.0615793020995,395212.58514926245,0.9957939058171743
dish,-2.0,800.0,28.700000000000003,,474,473,617.6139189632053,394922.81822639867,0.9957850415709729
dish,-2.0,800.0,28.800000000000004,,473,473,617.1535964015369,396298.85592056735,0.9999999999999997
dish,-2.0,800.0,28.900000000000002,,473,472,619.2964908334867,395995.1704922712,0.9957761398835195
dish,-2.0,800.0,29.000000000000004,,472,471,618.8145122312038,395683.42795300885,0.9957672005170924
dish,-2.0,800.0,29.1,,471,470,618.3200054992776,395363.6652055786,0.9957582232319542
dish,-2.0,800.0,29.200000000000003,,470,469,617.8130281061924,395035.91915277875,0.9957492077863285
dish,-2.0,800.0,29.300000000000004,,469,468,617.2936375204332,394700.22669740766,0.9957401539363795
dish,-2.0,800.0,29.400000000000002,,468,467,616.7618912104842,394356.6247422635,0.9957310614361893
dish,-2.0,800.0,29.500000000000004,,467,466,616.2178466448304,394005.1501901449,0.9957219300377367
dish,-2.0,800.0,29.6,,466,465,615.6615612919561,393645.8399438499,0.9957127594908726
dish,-2.0,800.0,29.700000000000003,,465,464,615.093092620346,393278.7309061769,0.9957035495432994
dish,-2.0,800.0,29.800000000000004,,465,464,617.1641131342192,394602.90171730885,0.9957035495432998
dish,-2.0,800.0,29.900000000000002,,464,463,616.5746205753252,394222.32930871594,0.9956942999405467
dish,-2.0,1600.0,0.1,,439,438,0.9229486517612685,589.9650367187265,0.9954493801920911
dish,-2.0,1600.0,0.2,,439,438,1.845897303522537,1179.930073437453,0.9954493801920911
dish,-2.0,1600.0,0.30000000000000004,,438,437,2.7562459900346434,1761.8226230239961,0.9954390025228829
dish,-2.0,1600.0,0.4,,438,437,3.674994653379524,2349.096830698661,0.9954390025228829
dish,-2.0,1600.0,0.5,,438,437,4.593743316724405,2936.3710383733264,0.9954390025228829
dish,-2.0,1600.0,0.6,,438,437,5.512491980069285,3523.645246047992,0.9954390025228831
dish,-2.0,1600.0,0.7000000000000001,,437,436,6.401907771064823,4092.126703678933,0.9954285774130878
dish,-2.0,1600.0,0.8,,437,436,7.316466024074084,4676.716232775924,0.9954285774130878
dish,-2.0,1600.0,0.9,,437,436,8.231024277083346,5261.305761872914,0.9954285774130877
dish,-2.0,1600.0,1.0,,436,435,9.10377420754407,5819.1100098570205,0.9954181045366549
dish,-2.0,1600.0,1.1,,436,435,10.014151628298478,6401.021010842723,0.9954181045366549
dish,-2.0,1600.0,1.2000000000000002,,436,435,10.924529049052888,6982.932011828426,0.9954181045366549
dish,-2.0,1600.0,1.3000000000000003,,435,434,11.780680165544174,7530.102103430402,0.9954075835645393
dish,-2.0,1600.0,1.4000000000000001,,435,434,12.686886332124496,8109.340726771203,0.9954075835645393
dish,-2.0,1600.0,1.5000000000000002,,435,434,13.593092498704815,8688.579350112002,0.9954075835645394
dish,-2.0,1600.0,1.6,,434,433,14.432711847792032,9225.158338596553,0.9953970141646666
dish,-2.0,1600.0,1.7000000000000002,,434,433,15.334756338279036,9801.73073475884,0.9953970141646666
dish,-2.0,1600.0,1.8000000000000003,,434,433,16.23680082876604,10378.303130921124,0.9953970141646664
dish,-2.0,1600.0,1.9000000000000001,,433,432,17.059955457014553,10904.334069552955,0.9953863960018986
dish,-2.0,1600.0,2.0,,433,432,17.957847849489,11478.246389003109,0.9953863960018986
dish,-2.0,1600.0,2.1,,433,432,18.85574024196345,12052.158708453266,0.9953863960018988
dish,-2.0,1600.0,2.2,,432,431,19.662497195938634,12567.68465049708,0.9953757287379971
dish,-2.0,1600.0,2.3000000000000003,,432,431,20.5562470684813,13138.943043701494,0.9953757287379971
dish,-2.0,1600.0,2.4000000000000004,,431,430,21.350806336599547,13646.654818201358,0.9953650120315886
dish,-2.0,1600.0,2.5000000000000004,,431,430,22.24042326729119,14215.265435626414,0.9953650120315887
dish,-2.0,1600.0,2.6,,431,430,23.130040197982833,14783.876053051468,0.9953650120315889
dish,-2.0,1600.0,2.7,,430,429,23.908326306877722,15281.16278702634,0.9953542455381283
dish,-2.0,1600.0,2.8000000000000003,,430,429,24.79381987379912,15847.131779138426,0.9953542455381283
dish,-2.0,1600.0,2.9000000000000004,,429,428,25.5600136557255,16336.672000699595,0.9953434289098623
dish,-2.0,1600.0,3.0000000000000004,,429,428,26.441393436957412,16900.0055179651,0.9953434289098623
dish,-2.0,1600.0,3.1,,429,428,27.32277321818932,17463.339035230598,0.9953434289098623
dish,-2.0,1600.0,3.2,,428,427,28.072818355942314,17942.5341723298,0.9953325617957899
dish,-2.0,1600.0,3.3000000000000003,,428,427,28.95009392956552,18503.238365215107,0.9953325617957897
dish,-2.0,1600.0,3.4000000000000004,,427,426,29.688152099238444,18974.754645030855,0.9953216438416267
dish,-2.0,1600.0,3.5000000000000004,,427,426,30.56133304333369,19532.83566400235,0.9953216438416267
dish,-2.0,1600.0,3.6,,427,426,31.434513987428943,20090.916682973846,0.9953216438416266
dish,-2.0,1600.0,3.7,,426,425,32.15654802797845,20552.167834390646,0.9953106746897658
dish,-2.0,1600.0,3.8000000000000003,,426,425,33.02564392062652,21107.63182991472,0.9953106746897658
dish,-2.0,1600.0,3.9000000000000004,,425,424,33.73579635198441,21561.27177917832,0.9952996539792385
dish,-2.0,1600.0,4.0,,425,424,34.600816771266054,22114.124901721352,0.9952996539792385
dish,-2.0,1600.0,4.1,,424,423,35.299135483836146,22560.184401163682,0.9952885813456744
dish,-2.0,1600.0,4.2,,424,423,36.16009000783215,23110.432801192066,0.9952885813456744
dish,-2.0,1600.0,4.3,,424,423,37.02104453182816,23660.68120122045,0.9952885813456742
dish,-2.0,1600.0,4.3999999999999995,,423,422,37.70352109880941,24096.592431125177,0.9952774564212619
dish,-2.0,1600.0,4.5,,423,422,38.56041930560054,24644.242259105296,0.9952774564212616
dish,-2.0,1600.0,4.6,,422,421,39.23116751268243,25072.640694319,0.995266278834707
dish,-2.0,1600.0,4.7,,422,421,40.08401898034945,25617.698100717244,0.995266278834707
dish,-2.0,1600.0,4.8,,421,420,40.74308671793583,26038.614493571866,0.9952550482111924
dish,-2.0,1600.0,4.9,,421,420,41.5919010245595,26581.085628854613,0.9952550482111924
dish,-2.0,1600.0,5.0,,420,419,42.2393361830542,26994.550731682077,0.9952437641723352
dish,-2.0,1600.0,5.1,,420,419,43.08412290671529,27534.441746315726,0.9952437641723354
dish,-2.0,1600.0,5.2,,420,419,43.92890963037637,28074.332760949364,0.9952437641723354
dish,-2.0,1600.0,5.3,,419,418,44.56074209530141,28477.80335589889,0.9952324263361452
dish,-2.0,1600.0,5.4,,419,418,45.40151081408069,29015.120400349813,0.995232426336145
dish,-2.0,1600.0,5.5,,418,417,46.021816058802486,29411.20736040244,0.9952210343169798
dish,-2.0,1600.0,5.6,,418,417,46.85857635078071,29945.956585137024,0.9952210343169796
dish,-2.0,1600.0,5.7,,417,416,47.4674022657031,30334.69066262468,0.995209587725503
dish,-2.0,1600.0,5.8,,417,416,48.300163708961044,30866.87821810932,0.995209587725503
dish,-2.0,1600.0,5.9,,416,415,48.89755818448788,31248.29016536393,0.9951980861686387
dish,-2.0,1600.0,6.0,,416,415,49.72633035710632,31777.922202065016,0.9951980861686387
dish,-2.0,1600.0,6.1,,415,415,50.312341283641395,32307.554238766097,0.9999999999999997
dish,-2.0,1600.0,6.2,,415,414,51.137133763701094,32679.12543980242,0.9951865292495278
dish,-2.0,1600.0,6.3,,415,414,51.96192624376078,33206.208108186336,0.9951865292495281
dish,-2.0,1600.0,6.4,,414,413,52.532631397229984,33570.524834119875,0.9951749165674809
dish,-2.0,1600.0,6.5,,414,413,53.353453762811704,34095.064284653,0.995174916567481
dish,-2.0,1600.0,6.6,,413,412,53.91288072617761,34452.15728781567,0.9951632477179317
dish,-2.0,1600.0,6.7,,413,412,54.72974255536212,34974.15967096441,0.9951632477179322
dish,-2.0,1600.0,6.8,,412,411,55.277939219028575,35324.059703688166,0.9951515222923928
dish,-2.0,1600.0,6.9,,412,411,56.09085008989664,35843.531169918875,0.9951515222923928
dish,-2.0,1600.0,7.0,,411,410,56.62786434426745,36186.268984535636,0.9951397398784043
dish,-2.0,1600.0,7.1,,411,410,57.43683383489984,36703.21568431472,0.9951397398784043
dish,-2.0,1600.0,7.2,,410,409,57.962713570378874,37038.82203315643,0.9951279000594881
dish,-2.0,1600.0,7.3,,410,409,58.76775125885635,37553.250116950265,0.9951279000594881
dish,-2.0,1600.0,7.4,,409,409,59.28254436584742,38067.67820074411,0.9999999999999998
dish,-2.0,1600.0,7.5,,409,408,60.08365983025077,38393.67137062382,0.9951160024150975
dish,-2.0,1600.0,7.6,,409,408,60.8847752946541,38905.5869888988,0.9951160024150977
dish,-2.0,1600.0,7.7,,408,407,61.384617017567685,39224.51634813372,0.9951040465205688
dish,-2.0,1600.0,7.8,,408,407,62.18181983597765,39733.92565135623,0.9951040465205686
dish,-2.0,1600.0,7.9,,407,406,62.67068028929172,40045.821952278275,0.9950920319470685
dish,-2.0,1600.0,8.0,,407,406,63.46398003978908,40552.731090914705,0.9950920319470685
dish,-2.0,1600.0,8.1,,406,405,63.94190711390745,40857.62508585579,0.9950799582615445
dish,-2.0,1600.0,8.2,,406,405,64.73131337457296,41362.04021037252,0.9950799582615445
dish,-2.0,1600.0,8.3,,405,404,65.19835495989952,41659.96265166462,0.9950678250266726
dish,-2.0,1600.0,8.4,,405,404,65.98387730881396,42161.889912528044,0.9950678250266727
dish,-2.0,1600.0,8.5,,404,403,66.44008129575248,42452.87155250303,0.9950556318008035
dish,-2.0,1600.0,8.6,,404,403,67.22172931099662,42952.317100179534,0.9950556318008037
dish,-2.0,1600.0,8.7,,403,402,67.66714358995095,43236.38869116938,0.995043378137911
dish,-2.0,1600.0,8.8,,403,402,68.44492684960558,43733.358676125354,0.9950433781379108
dish,-2.0,1600.0,8.9,,402,401,68.87959931097957,44010.55097046197,0.9950310635875347
dish,-2.0,1600.0,9.0,,402,401,69.65352739312542,44505.05154316379,0.9950310635875347
dish,-2.0,1600.0,9.1,,401,401,70.07750592732292,44999.55211586561,0.9999999999999998
dish,-2.0,1600.0,9.2,,401,400,70.84758841004076,45267.43260409319,0.9950186876947279
dish,-2.0,1600.0,9.3,,401,400,71.6176708927586,45759.469915007256,0.995018687694728
dish,-2.0,1600.0,9.4,,400,399,72.02716736883619,46020.53876171186,0.9950062499999996
dish,-2.0,1600.0,9.5,,400,399,72.79341383020677,46510.11896130454,0.9950062499999999
dish,-2.0,1600.0,9.6,,399,398,73.19232173799631,46764.40691881812,0.9949937500392583
dish,-2.0,1600.0,9.700000000000001,,399,398,73.95474175610046,47251.53615755581,0.9949937500392582
dish,-2.0,1600.0,9.8,,398,397,74.34310898600575,47499.07397821028,0.9949811873437537
dish,-2.0,1600.0,9.9,,398,397,75.10171213892419,47983.75840655937,0.9949811873437537
dish,-2.0,1600.0,10.0,,397,396,75.47958658134908,48224.57684268668,0.9949685614400192
dish,-2.0,1600.0,10.1,,397,396,76.23438244716259,48706.822611113545,0.9949685614400191
dish,-2.0,1600.0,10.200000000000001,,396,395,76.60181199251095,48940.95241504561,0.9949558718498109
dish,-2.0,1600.0,10.3,,396,395,77.35281014930025,49420.76567401664,0.9949558718498109
dish,-2.0,1600.0,10.4,,395,394,77.7098426879759,49648.237598085405,0.9949431180900493
dish,-2.0,1600.0,10.5,,395,394,78.45705271382181,50125.62449806699,0.9949431180900493
dish,-2.0,1600.0,10.6,,394,393,78.80373613622854,50346.46929460438,0.9949302996727561
dish,-2.0,1600.0,10.700000000000001,,394,393,79.54716760921184,50821.43598606293,0.9949302996727563
dish,-2.0,1600.0,10.8,,393,392,79.88354980575353,51035.68440740086,0.9949174161049923
dish,-2.0,1600.0,10.9,,393,392,80.62321230395496,51508.23704080272,0.9949174161049923
dish,-2.0,1600.0,11.0,,392,391,80.94934116503543,51715.919839273156,0.994904466888796
dish,-2.0,1600.0,11.1,,392,391,81.68524426653575,52186.06456508474,0.9949044668887963
dish,-2.0,1600.0,11.200000000000001,,392,391,82.42114736803607,52656.20929089631,0.9949044668887961
dish,-2.0,1600.0,11.3,,391,390,82.73332096543885,52854.95546170727,0.9948914515211175
dish,-2.0,1600.0,11.4,,391,390,83.46547424831881,53322.69843039494,0.9948914515211178
dish,-2.0,1600.0,11.5,,390,389,83.76749986914882,53514.946633468644,0.9948783694937539
dish,-2.0,1600.0,11.6,,390,389,84.49591291148924,53980.2939954988,0.9948783694937539
dish,-2.0,1600.0,11.700000000000001,,389,388,84.78783844615029,54166.074983167186,0.9948652202932836
dish,-2.0,1600.0,11.8,,389,388,85.51252082603193,54629.032889006216,0.9948652202932833
dish,-2.0,1600.0,11.9,,388,387,85.79439416492787,54808.3774136012,0.9948520034009987
dish,-2.0,1600.0,12.0,,388,387,86.51535546043146,55268.9520137155,0.9948520034009987
dish,-2.0,1600.0,12.1,,387,386,86.78722449396612,55441.89082756901,0.9948387182928375
dish,-2.0,1600.0,12.200000000000001,,387,386,87.50447428317247,55900.088272424946,0.9948387182928372
dish,-2.0,1600.0,12.3,,386,385,87.7663869017497,56066.65212786893,0.9948253644393134
dish,-2.0,1600.0,12.4,,386,385,88.47993476273952,56522.478567932914,0.9948253644393137
dish,-2.0,1600.0,12.5,,385,384,88.73193885676316,56682.6982172993,0.9948119413054476
dish,-2.0,1600.0,12.6,,385,384,89.44179436761725,57136.159803037684,0.9948119413054476
dish,-2.0,1600.0,12.700000000000001,,384,383,89.68393782749115,57290.06599865843,0.9947984483506943
dish,-2.0,1600.0,12.8,,384,383,90.39011056629029,57741.168880537625,0.9947984483506943
dish,-2.0,1600.0,12.9,,383,382,90.62244128241822,57888.79237474461,0.9947848850288705
dish,-2.0,1600.0,13.0,,383,382,91.3249408272432,58337.542703230996,0.9947848850288701
dish,-2.0,1600.0,13.1,,383,382,92.02744037206813,58786.29303171739,0.9947848850288702
dish,-2.0,1600.0,13.200000000000001,,382,381,92.24634261896057,58925.318173916174,0.9947712507880814
dish,-2.0,1600.0,13.3,,382,381,92.94517854789208,59371.72209947614,0.9947712507880814
dish,-2.0,1600.0,13.4,,381,380,93.15437340992705,59504.53219539142,0.9947575450706452
dish,-2.0,1600.0,13.5,,381,380,93.84955530104588,59948.59586849136,0.9947575450706455
dish,-2.0,1600.0,13.6,,380,379,94.04909066862717,60075.22167045509,0.9947437673130192
dish,-2.0,1600.0,13.700000000000001,,380,379,94.74062810001413,60516.951241561386,0.9947437673130194
dish,-2.0,1600.0,13.8,,379,378,94.9305518635456,60637.42350190549,0.9947299169457187
dish,-2.0,1600.0,13.9,,379,378,95.61845441328143,61076.82512148452,0.9947299169457189
dish,-2.0,1600.0,14.0,,378,377,95.79881446316693,61191.17459254094,0.9947159933932418
dish,-2.0,1600.0,14.1,,378,377,96.4830917093324,61628.25441105908,0.9947159933932418
dish,-2.0,1600.0,14.200000000000001,,377,376,96.65393593597575,61736.51184515976,0.9947019960739888
dish,-2.0,1600.0,14.3,,377,376,97.33459745665164,62171.27601308343,0.994701996073989
dish,-2.0,1600.0,14.4,,376,375,97.49597375045668,62273.47216256028,0.9946879244001807
dish,-2.0,1600.0,14.5,,376,375,98.17302912372375,62705.926830355835,0.9946879244001806
dish,-2.0,1600.0,14.6,,375,375,98.32498537509429,63138.38149815138,0.9999999999999997
dish,-2.0,1600.0,14.700000000000001,,375,374,98.99844417903329,63232.24376567463,0.9946737777777775
dish,-2.0,1600.0,14.8,,375,374,99.6719029829723,63662.395083808464,0.9946737777777773
dish,-2.0,1600.0,14.9,,374,373,99.8109000910649,63750.263721838135,0.9946595556063941
dish,-2.0,1600.0,15.0,,374,373,100.48077190375662,64178.11784077665,0.994659555606394
dish,-2.0,1600.0,15.1,,373,372,100.6104543283032,64260.02360164468,0.9946452572792156
dish,-2.0,1600.0,15.200000000000001,,373,372,101.2767487278284,64685.58667185425,0.9946452572792154
dish,-2.0,1600.0,15.3,,372,371,101.39716435923278,64761.56030789257,0.9946308821829112
dish,-2.0,1600.0,15.4,,372,371,102.05989092367223,65184.83847983958,0.9946308821829108
dish,-2.0,1600.0,15.5,,371,370,102.17108765233824,65254.910743380125,0.9946164296975463
dish,-2.0,1600.0,15.6,,371,370,102.83025595977269,65675.91016753096,0.994616429697546
dish,-2.0,1600.0,15.700000000000001,,370,369,102.93228167610418,65740.11181090568,0.9946018991964936
dish,-2.0,1600.0,15.8,,370,369,103.5879013046144,66158.83863772673,0.9946018991964934
dish,-2.0,1600.0,15.9,,369,368,103.6808038990152,66217.20041326752,0.9945872900463418
dish,-2.0,1600.0,16.0,,369,368,104.33288442668196,66633.66079322518,0.994587290046342
dish,-2.0,1600.0,16.1,,368,368,104.41671178955592,67050.12117318284,0.9999999999999997
dish,-2.0,1600.0,16.200000000000003,,368,367,105.06526279445997,67100.41353682465,0.9945726016068053
dish,-2.0,1600.0,16.3,,368,367,105.71381379936406,67514.6136203853,0.994572601606805
dish,-2.0,1600.0,16.400000000000002,,367,366,105.78509387643307,67559.13377132344,0.9945578332306273
dish,-2.0,1600.0,16.500000000000004,,367,366,106.43012493665522,67971.07970895346,0.9945578332306274
dish,-2.0,1600.0,16.6,,366,365,106.4924351410858,68009.85839951987,0.9945429842634892
dish,-2.0,1600.0,16.700000000000003,,366,365,107.1339558347068,68419.55634168566,0.9945429842634894
dish,-2.0,1600.0,16.8,,365,364,107.1873440569028,68452.62432421226,0.9945280540439101
dish,-2.0,1600.0,16.900000000000002,,365,364,107.8253639620034,68860.0804213802,0.9945280540439105
dish,-2.0,1600.0,17.000000000000004,,364,363,107.86987809236865,68887.46844819897,0.9945130419031518
dish,-2.0,1600.0,17.1,,364,363,108.50440678702964,69292.68885083542,0.9945130419031516
dish,-2.0,1600.0,17.200000000000003,,363,362,108.540094715968,69314.42767427825,0.9944979471651145
dish,-2.0,1600.0,17.3,,363,362,109.17114177827011,69717.41853284961,0.9944979471651142
dish,-2.0,1600.0,17.400000000000002,,363,362,109.80218884057226,70120.40939142101,0.9944979471651143
dish,-2.0,1600.0,17.500000000000004,,362,361,109.82562640420946,70134.30637022114,0.9944827691462403
dish,-2.0,1600.0,17.6,,362,361,110.45320141223347,70535.07383519383,0.9944827691462409
dish,-2.0,1600.0,17.700000000000003,,361,360,110.46791813333218,70543.38926574828,0.9944675071554083
dish,-2.0,1600.0,17.8,,361,360,111.0920306651589,70941.93948758866,0.9944675071554083
dish,-2.0,1600.0,17.900000000000002,,360,359,111.09807443412298,70944.70412222936,0.9944521604938269
dish,-2.0,1600.0,18.000000000000004,,360,359,111.71873406783317,71341.04325140384,0.9944521604938269
dish,-2.0,1600.0,18.1,,359,358,111.71615277506642,71338.28784246271,0.9944367284549311
dish,-2.0,1600.0,18.200000000000003,,359,358,112.33336908874084,71732.42202943764,0.9944367284549308
dish,-2.0,1600.0,18.3,,358,357,112.3222106246471,71724.17732924664,0.9944212103242719
dish,-2.0,1600.0,18.400000000000002,,358,357,112.9359931963665,72116.11272448843,0.9944212103242718
dish,-2.0,1600.0,18.500000000000004,,358,357,113.5497757680859,72508.0481197302,0.9944212103242716
dish,-2.0,1600.0,18.6,,357,356,113.52666385919478,72492.15223935449,0.9944056053794064
dish,-2.0,1600.0,18.700000000000003,,357,356,114.13702226703991,72881.89499332952,0.9944056053794066
dish,-2.0,1600.0,18.8,,356,355,114.1054385457103,72860.57747683417,0.9943899128897864
dish,-2.0,1600.0,18.900000000000002,,356,355,114.71238236776198,73248.13374000882,0.9943899128897864
dish,-2.0,1600.0,19.000000000000004,,355,354,114.67237472439764,73221.42533972576,0.9943741321166432
dish,-2.0,1600.0,19.1,,355,354,115.27591353873656,73606.80126256644,0.9943741321166436
dish,-2.0,1600.0,19.200000000000003,,354,353,115.22752986374141,73574.73273082759,0.9943582623128726
dish,-2.0,1600.0,19.300000000000004,,354,353,115.8276732484484,73957.93446380066,0.9943582623128726
dish,-2.0,1600.0,19.400000000000002,,354,353,116.42781663315539,74341.13619677372,0.9943582623128726
dish,-2.0,1600.0,19.500000000000004,,353,352,116.36771896538201,74301.57024650984,0.994342302722917
dish,-2.0,1600.0,19.6,,353,352,116.96447649853779,74682.60394008168,0.994342302722917
dish,-2.0,1600.0,19.700000000000003,,352,351,116.89610815802202,74637.74551349231,0.9943262525826446
dish,-2.0,1600.0,19.800000000000004,,352,351,117.48948941770743,75016.61731812933,0.9943262525826445
dish,-2.0,1600.0,19.900000000000002,,351,350,117.41289829485302,74966.49716754633,0.9943101111192278
dish,-2.0,1600.0,20.000000000000004,,351,350,118.00291285914878,75343.21323371491,0.9943101111192278
dish,-2.0,1600.0,20.1,,350,349,117.91814684435964,75287.86211147025,0.9942938775510202
dish,-2.0,1600.0,20.200000000000003,,350,349,118.50480429134652,75662.42858963678,0.9942938775510202
dish,-2.0,1600.0,20.300000000000004,,350,349,119.09146173833341,76036.9950678033,0.99429387755102
dish,-2.0,1600.0,20.400000000000002,,349,348,118.99522118278523,75974.30028869327,0.9942775510874292
dish,-2.0,1600.0,20.500000000000004,,349,348,119.57853109054399,76346.72332932413,0.9942775510874294
dish,-2.0,1600.0,20.6,,348,347,119.47422100194953,76278.86523368269,0.9942611309287883
dish,-2.0,1600.0,20.700000000000003,,348,347,120.05419294856095,76649.15098724424,0.994261130928788
dish,-2.0,1600.0,20.800000000000004,,347,346,119.94186121732402,76576.16032740334,0.9942446162662255
dish,-2.0,1600.0,20.900000000000002,,347,346,120.51850478086884,76944.31494436202,0.9942446162662256
dish,-2.0,1600.0,21.000000000000004,,346,345,120.39819929739328,76866.22247265358,0.9942280062815329
dish,-2.0,1600.0,21.1,,346,345,120.97152405595229,77232.25210347572,0.9942280062815326
dish,-2.0,1600.0,21.200000000000003,,346,345,121.54484881451131,77598.2817342979,0.9942280062815326
dish,-2.0,1600.0,21.300000000000004,,345,344,121.4133082422959,77512.9993673837,0.9942113001470275
dish,-2.0,1600.0,21.400000000000002,,345,344,121.98332377394986,77876.91016253574,0.9942113001470275
dish,-2.0,1600.0,21.500000000000004,,344,343,121.84391480838424,77786.59363888427,0.9941944970254187
dish,-2.0,1600.0,21.6,,344,343,122.41063069121395,78148.39174883257,0.9941944970254187
dish,-2.0,1600.0,21.700000000000003,,343,342,122.26340122270196,78053.07182077575,0.9941775960696645
dish,-2.0,1600.0,21.800000000000004,,343,342,122.82682703478817,78412.76339598671,0.9941775960696645
dish,-2.0,1600.0,21.900000000000002,,343,342,123.39025284687432,78772.45497119764,0.9941775960696647
dish,-2.0,1600.0,22.000000000000004,,342,341,123.23197027315709,78670.06200679643,0.9941605964228307
dish,-2.0,1600.0,22.1,,342,341,123.79211559258052,79027.6531977364,0.9941605964228307
dish,-2.0,1600.0,22.200000000000003,,341,340,123.62611787480536,78920.3244840601,0.9941434972179459
dish,-2.0,1600.0,22.300000000000004,,341,340,124.18299227964683,79275.8214411955,0.9941434972179459
dish,-2.0,1600.0,22.400000000000002,,340,339,124.00932730821755,79163.587730576,0.9941262975778543
dish,-2.0,1600.0,22.500000000000004,,340,339,124.56294037655782,79516.99660437323,0.9941262975778544
dish,-2.0,1600.0,22.6,,339,339,124.38165604187827,79870.40547817042,0.9999999999999998
dish,-2.0,1600.0,22.700000000000003,,339,338,124.93201735179812,79751.21559006789,0.9941089966150657
dish,-2.0,1600.0,22.800000000000004,,339,338,125.48237866171793,80102.54253099332,0.994108996615066
dish,-2.0,1600.0,22.900000000000002,,338,337,125.29028067385232,79978.51530107783,0.9940915934316022
dish,-2.0,1600.0,23.000000000000004,,338,337,125.83739980343248,80327.76645959781,0.994091593431602
dish,-2.0,1600.0,23.1,,337,336,125.63778781120502,80198.93264020135,0.9940740871188438
dish,-2.0,1600.0,23.200000000000003,,337,336,126.18167433852629,80546.11416678232,0.9940740871188437
dish,-2.0,1600.0,23.300000000000004,,337,336,126.7255608658475,80893.29569336327,0.9940740871188437
dish,-2.0,1600.0,23.400000000000002,,336,335,126.51525973548397,80757.62255534511,0.9940564767573692
dish,-2.0,1600.0,23.500000000000004,,336,335,127.05592323862706,81102.74060045344,0.9940564767573696
dish,-2.0,1600.0,23.6,,335,334,126.83821346279011,80962.32852808452,0.9940387614167964
dish,-2.0,1600.0,23.700000000000003,,335,334,127.37566351983585,81305.38924218657,0.9940387614167964
dish,-2.0,1600.0,23.800000000000004,,334,333,127.15059298892939,81160.26898779886,0.9940209401556167
dish,-2.0,1600.0,23.900000000000002,,334,333,127.68483917795848,81501.27852136103,0.9940209401556167
dish,-2.0,1600.0,24.000000000000004,,334,333,128.2190853669876,81842.28805492322,0.9940209401556169
dish,-2.0,1600.0,24.1,,333,332,127.9835076814796,81690.44534077513,0.9940030120210297
dish,-2.0,1600.0,24.200000000000003,,333,332,128.5145595805729,82029.40984426382,0.9940030120210296
dish,-2.0,1600.0,24.300000000000004,,332,331,128.2717264988838,81872.9266032272,0.9939849760487731
dish,-2.0,1600.0,24.400000000000002,,332,331,128.79959368612197,82209.85222710877,0.9939849760487731
dish,-2.0,1600.0,24.500000000000004,,331,330,128.54955309865562,82048.75921151551,0.9939668312629488
dish,-2.0,1600.0,24.6,,331,330,129.0742451521195,82383.6521062564,0.9939668312629492
dish,-2.0,1600.0,24.700000000000003,,331,330,129.5989372055834,82718.54500099728,0.993966831262949
dish,-2.0,1600.0,24.800000000000004,,330,329,129.33857144705007,82550.84638450501,0.9939485766758492
dish,-2.0,1600.0,24.900000000000002,,330,329,129.8600979448204,82883.71270057156,0.9939485766758492
dish,-2.0,1600.0,25.000000000000004,,329,328,129.59263003939824,82711.47196465288,0.9939302112877741
dish,-2.0,1600.0,25.1,,329,328,130.11100055955583,83042.3178525115,0.9939302112877743
dish,-2.0,1600.0,25.200000000000003,,329,328,130.62937107971345,83373.16374037012,0.9939302112877741
dish,-2.0,1600.0,25.300000000000004,,328,327,130.35170251827427,83194.39735961548,0.993911734086853
dish,-2.0,1600.0,25.400000000000002,,328,327,130.86692663889986,83523.22896973252,0.9939117340868527
dish,-2.0,1600.0,25.500000000000004,,327,326,130.58226128946032,83339.98812468174,0.9938931440488543
dish,-2.0,1600.0,25.6,,327,326,131.09434858863463,83666.81160752362,0.9938931440488545
dish,-2.0,1600.0,25.700000000000003,,326,326,130.80273434159855,83993.63509036553,0.9999999999999997
dish,-2.0,1600.0,25.800000000000004,,326,325,131.31169439740245,83803.94855654179,0.9938744401370014
dish,-2.0,1600.0,25.900000000000002,,326,325,131.82065445320632,84128.77006257487,0.9938744401370014
dish,-2.0,1600.0,26.000000000000004,,325,324,131.51902153368775,83934.67671958524,0.9938556213017751
dish,-2.0,1600.0,26.1,,325,324,132.02486392420195,84257.50239927595,0.9938556213017748
dish,-2.0,1600.0,26.200000000000003,,324,323,131.7163874659753,84059.03299945238,0.9938366864807192
dish,-2.0,1600.0,26.300000000000004,,324,323,132.21912176928058,84379.8690032671,0.9938366864807192
dish,-2.0,1600.0,26.400000000000002,,324,323,132.72185607258578,84700.7050070818,0.9938366864807193
dish,-2.0,1600.0,26.500000000000004,,323,322,132.4034854569267,84495.9067773466,0.993817634598242
dish,-2.0,1600.0,26.6,,323,322,132.90312125110376,84814.75925575166,0.993817634598242
dish,-2.0,1600.0,26.700000000000003,,322,321,132.57801245562501,84605.65262431277,0.99379846456541
dish,-2.0,1600.0,26.800000000000004,,322,321,133.0745593187547,84922.52772777464,0.9937984645654101
dish,-2.0,1600.0,26.900000000000002,,322,321,133.57110618188437,85239.40283123647,0.99379846456541
dish,-2.0,1600.0,27.000000000000004,,321,320,133.23622774402313,85024.04732594897,0.9937791752797427
dish,-2.0,1600.0,27.1,,321,320,133.72969525418617,85338.95120493395,0.9937791752797427
dish,-2.0,1600.0,27.200000000000003,,320,319,133.3881839953937,85119.35495307302,0.9937597656249997
dish,-2.0,1600.0,27.300000000000004,,320,319,133.87858173067085,85432.29375804754,0.9937597656249997
dish,-2.0,1600.0,27.400000000000002,,320,319,134.36897946594803,85745.23256302209,0.9937597656249999
dish,-2.0,1600.0,27.500000000000004,,319,318,134.01782307982305,85519.46739337555,0.9937402344709659
dish,-2.0,1600.0,27.6,,319,318,134.50516061829512,85830.447274806,0.9937402344709659
dish,-2.0,1600.0,27.700000000000003,,318,317,134.14747677012735,85600.50901371629,0.9937205806732323
dish,-2.0,1600.0,27.800000000000004,,318,317,134.63176368987507,85909.53612206905,0.9937205806732327
dish,-2.0,1600.0,27.900000000000002,,318,317,135.11605060962285,86218.56323042183,0.9937205806732325
dish,-2.0,1600.0,28.000000000000004,,317,316,134.7488461491725,85982.53600760954,0.9937008030729729
dish,-2.0,1600.0,28.1,,317,316,135.2300920282767,86289.616493351,0.9937008030729729
dish,-2.0,1600.0,28.200000000000003,,316,315,134.856465464672,86049.48383422579,0.9936809004967152
dish,-2.0,1600.0,28.300000000000004,,316,315,135.33467988121342,86354.62384782234,0.993680900496715
dish,-2.0,1600.0,28.400000000000002,,316,315,135.81289429775475,86659.76386141888,0.9936809004967153
dish,-2.0,1600.0,28.500000000000004,,315,314,135.42987163691754,86413.62219663411,0.9936608717561095
dish,-2.0,1600.0,28.6,,315,314,135.9050641689769,86716.82788855214,0.9936608717561097
dish,-2.0,1600.0,28.700000000000003,,314,313,135.51572476387372,86466.64844258469,0.9936407156476934
dish,-2.0,1600.0,28.800000000000004,,314,313,135.9879049895318,86767.92596329056,0.9936407156476934
dish,-2.0,1600.0,28.900000000000002,,314,313,136.4600852151899,87069.20348399643,0.9936407156476934
dish,-2.0,1600.0,29.000000000000004,,313,312,136.06147422790417,86813.09498843248,0.9936204309526483
dish,-2.0,1600.0,29.1,,313,312,136.53065172524177,87112.45048839257,0.9936204309526478
dish,-2.0,1600.0,29.200000000000003,,312,312,136.12582935257853,87411.80598835269,0.9999999999999997
dish,-2.0,1600.0,29.300000000000004,,312,311,136.59201369967641,87149.81149645694,0.9936000164365548
dish,-2.0,1600.0,29.400000000000002,,312,311,137.05819804677427,87447.25112613766,0.9936000164365547
dish,-2.0,1600.0,29.500000000000004,,311,310,136.64422860697843,87181.32341098778,0.9935794708491431
dish,-2.0,1600.0,29.6,,311,310,137.1074293819173,87476.85332085552,0.9935794708491431
dish,-2.0,1600.0,29.700000000000003,,311,310,137.57063015685625,87772.3832307233,0.9935794708491431
dish,-2.0,1600.0,29.800000000000004,,310,309,137.14758069649318,87500.64947530461,0.9935587929240371
dish,-2.0,1600.0,29.900000000000002,,310,309,137.60780747735387,87794.27581582576,0.9935587929240371
aperture,-2.0,400.0,0.17880166165675554,1,1562,1519,83.56840248483907,50748.72589106223,0.9457002168991131
aperture,-2.0,400.0,0.7152066466270222,4,1422,1328,277.03792467084503,155154.98615407487,0.8721615917043998
aperture,-2.0,400.0,1.6092149549108,9,1191,1096,437.26636626188935,237778.84504402385,0.8468326329362182
aperture,-2.0,400.0,2.8608265865080886,16,937,879,481.1485767858055,271898.8234347115,0.8800322107044777
aperture,-2.0,400.0,4.4700415414188885,25,714,700,436.5323901155261,269429.8344149495,0.961168781237985
aperture,-2.0,400.0,6.4368598196432,36,539,559,358.22844858061643,247420.5181356279,1.0755883395692563
aperture,-2.0,400.0,8.761281421181021,49,409,451,280.7519213799128,219209.1909993406,1.2159241037535637
aperture,-2.0,400.0,11.443306346032355,64,315,369,217.51094870808217,191664.77418461486,1.3722448979591833
aperture,-2.0,400.0,14.482934594197198,81,246,306,167.89403790839668,166815.90938755393,1.5472932778108268
aperture,-2.0,400.0,17.880166165675554,100,196,256,131.5806973666176,144141.66227116843,1.7059558517284459
aperture,-2.0,400.0,21.63500106046742,121,158,217,103.46169409003782,125318.28230241899,1.8862762377824063
aperture,-2.0,400.0,25.7474392785728,144,130,186,83.35453589946914,109571.5930942385,2.0471005917159757
aperture,-2.0,400.0,30.217480819991685,169,108,161,67.51717407857,96349.18650612362,2.222307956104252
aperture,-2.0,400.0,35.045125684724084,196,90,141,54.37773717702055,85704.55260805778,2.4544444444444435
aperture,-2.0,400.0,40.230373872769995,225,77,124,45.69240415569088,76091.38409322118,2.5933546972508
aperture,-2.0,400.0,45.77322538412942,256,66,110,38.1951198819816,68129.45755785696,2.7777777777777777
aperture,-2.0,400.0,51.67368021880235,289,57,98,32.16085567993978,61046.33416240161,2.955986457371498
aperture,-2.0,400.0,57.93173837678879,324,50,88,27.74374345766354,55184.86062186413,3.0975999999999995
aperture,-2.0,400.0,64.54739985808875,361,43,79,22.86252293433627,49553.11725442577,3.375338020551649
aperture,-2.0,400.0,71.52066466270222,400,38,71,19.78368669277341,44349.25045831055,3.4909972299168963
aperture,-2.0,400.0,78.8515327906292,441,34,65,17.461295604621043,40980.27781451383,3.6548442906574388
aperture,-2.0,400.0,86.54000424186968,484,30,59,14.91996870389906,37056.03777482813,3.867777777777777
aperture,-2.0,400.0,94.58607901642368,529,27,54,13.208796260193614,33927.57249750712,3.999999999999999
aperture,-2.0,400.0,102.9897571142912,576,25,50,12.330552647850464,31671.751963879782,3.999999999999999
aperture,-2.0,400.0,111.75103853547222,625,22,46,10.361089377707682,29087.42498071598,4.3719008264462795
aperture,-2.0,400.0,120.86992327996674,676,20,43,9.261615099941015,27491.16868173644,4.6225
aperture,-2.0,400.0,130.3464113477748,729,19,40,9.013942249394887,25654.119090742628,4.432132963988918
aperture,-2.0,400.0,140.18050273889634,784,17,37,7.760575824276017,23606.36437210022,4.737024221453287
aperture,-2.0,400.0,150.3721974533314,841,16,34,7.374218507976704,21382.743452969495,4.515624999999999
aperture,-2.0,400.0,160.92149549107998,900,14,32,6.041970797446727,20269.921256883063,5.224489795918367
aperture,-2.0,400.0,171.82839685214208,961,13,30,5.5627575694020726,19022.846023305294,5.325443786982246
aperture,-2.0,400.0,183.09290153651767,1024,12,28,5.05059436455955,17657.35362821813,5.444444444444442
aperture,-2.0,400.0,194.7150095442068,1089,11,27,4.513290532929466,17460.8348061367,6.02479338842975
aperture,-2.0,400.0,206.6947208752094,1156,11,25,4.790967728252033,15890.86166243274,5.165289256198346
aperture,-2.0,400.0,219.03203552952553,1225,10,24,4.19581305378245,15519.158462301093,5.759999999999998
aperture,-2.0,400.0,231.72695350715517,1296,9,22,3.595589152113195,13796.215155466032,5.975308641975308
aperture,-2.0,400.0,244.77947480809834,1369,9,21,3.7981184793541396,13278.579959306375,5.444444444444443
aperture,-2.0,400.0,258.189599432355,1444,8,20,3.165389870843746,12703.891621067336,6.249999999999999
aperture,-2.0,400.0,271.9573273799252,1521,8,19,3.334181435978765,12076.636972277136,5.640625
aperture,-2.0,800.0,0.044700415414188885,1,827,814,2.9282022714901803,1821.664597591917,0.9688081657598958
aperture,-2.0,800.0,0.17880166165675554,4,786,756,10.58023069948809,6285.259177231943,0.9251209136996676
aperture,-2.0,800.0,0.4023037387277,9,710,675,19.424473718066935,11273.782803549004,0.9038385241023603
aperture,-2.0,800.0,0.7152066466270222,16,613,587,25.741330210722893,15157.088753391794,0.9169702663072258
aperture,-2.0,800.0,1.1175103853547221,25,510,502,27.840075900224875,17320.76428364922,0.9688735101883889
aperture,-2.0,800.0,1.6092149549108,36,415,426,26.54536787220058,17961.446435615773,1.053714617506169
aperture,-2.0,800.0,2.1903203552952553,49,334,361,23.403406051387748,17556.18272539532,1.1682114812291582
aperture,-2.0,800.0,2.8608265865080886,64,269,307,19.82780267002461,16583.50528246503,1.3024833819322559
aperture,-2.0,800.0,3.6207336485492996,81,218,262,16.481170801025026,15286.470059591464,1.4444070364447434
aperture,-2.0,800.0,4.4700415414188885,100,178,225,13.565320489392157,13918.250374751859,1.5978096199974747
aperture,-2.0,800.0,5.408750265116855,121,146,195,11.042849058760847,12649.524529480032,1.7838712704072053
aperture,-2.0,800.0,6.4368598196432,144,122,170,9.176397280530315,11441.420396951571,1.9416823434560597
aperture,-2.0,800.0,7.554370204997921,169,102,149,7.527956523420806,10315.228432653304,2.133890811226451
aperture,-2.0,800.0,8.761281421181021,196,86,131,6.2064466691549995,9247.3707767899,2.320308274743104
aperture,-2.0,800.0,10.057593468192499,225,74,116,5.275164554658527,8323.732313007156,2.4572680788896997
aperture,-2.0,800.0,11.443306346032355,256,64,104,4.489417212941822,7612.481538696082,2.640624999999999
aperture,-2.0,800.0,12.918420054700588,289,55,93,3.7429435376969002,6872.003125919038,2.8591735537190077
aperture,-2.0,800.0,14.482934594197198,324,48,84,3.19607924632284,6285.259177231943,3.0624999999999996
aperture,-2.0,800.0,16.136849964522188,361,43,76,2.8578153667920336,5732.631094006635,3.1238507301243916
aperture,-2.0,800.0,17.880166165675554,400,38,69,2.4729608365966764,5235.736496528876,3.297091412742381
aperture,-2.0,800.0,19.7128831976573,441,34,63,2.1826619505776303,4812.151557568206,3.4333910034602066
aperture,-2.0,800.0,21.63500106046742,484,30,58,1.8649960879873826,4476.318266106069,3.737777777777776
aperture,-2.0,800.0,23.64651975410592,529,27,53,1.6510995325242017,4085.32883854156,3.8532235939643344
aperture,-2.0,800.0,25.7474392785728,576,24,49,1.4204796650323732,3802.193823263767,4.168402777777777
aperture,-2.0,800.0,27.937759633868055,625,22,45,1.2951361722134602,3479.5625936879646,4.1838842975206605
aperture,-2.0,800.0,30.217480819991685,676,20,42,1.1577018874926268,3278.422225161106,4.409999999999998
aperture,-2.0,800.0,32.5866028369437,729,18,39,1.0112594490318363,3048.4308700796514,4.694444444444444
aperture,-2.0,800.0,35.045125684724084,784,17,36,0.9700719780345022,2793.4485232141965,4.484429065743943
aperture,-2.0,800.0,37.59304936333285,841,16,34,0.921777313497088,2672.842931621187,4.515624999999999
aperture,-2.0,800.0,40.230373872769995,900,14,32,0.7552463496808409,2533.740157110383,5.224489795918367
aperture,-2.0,800.0,42.95709921303552,961,13,30,0.6953446961752591,2377.8557529131617,5.325443786982246
aperture,-2.0,800.0,45.77322538412942,1024,12,28,0.6313242955699437,2207.1692035272663,5.444444444444442
aperture,-2.0,800.0,48.6787523860517,1089,11,26,0.5641613166161833,2023.923924716805,5.5867768595041305
aperture,-2.0,800.0,51.67368021880235,1156,11,25,0.5988709660315041,1986.3577078040926,5.165289256198346
aperture,-2.0,800.0,54.75800888238138,1225,10,23,0.5244766317228062,1781.6047800688539,5.289999999999998
aperture,-2.0,800.0,57.93173837678879,1296,9,22,0.44944864401414936,1724.526894433254,5.975308641975308
aperture,-2.0,800.0,61.194868702024586,1369,9,21,0.47476480991926745,1659.8224949132969,5.444444444444443
aperture,-2.0,800.0,64.54739985808875,1444,8,20,0.3956737338554682,1587.986452633417,6.249999999999999
aperture,-2.0,800.0,67.9893318449813,1521,8,19,0.41677267949734564,1509.579621534642,5.640625
aperture,-2.0,1600.0,0.011175103853547221,1,436,432,0.10173562222854955,64.13529772685656,0.9817355441461155
aperture,-2.0,1600.0,0.044700415414188885,4,425,415,0.3866677208364566,236.74772057201366,0.9534948096885809
aperture,-2.0,1600.0,0.100575934681925,9,402,390,0.7783854023840727,470.43686266661274,0.941189574515482
aperture,-2.0,1600.0,0.17880166165675554,16,369,359,1.1659308188083104,708.6609487598595,0.9465338826830001
aperture,-2.0,1600.0,0.27937759633868053,25,329,326,1.4482110993445985,913.0715906340298,0.9818460657237088
aperture,-2.0,1600.0,0.4023037387277,36,287,292,1.5869613922668668,1054.867288846971,1.0351467178185967
aperture,-2.0,1600.0,0.5475800888238138,49,247,261,1.599889741238834,1147.1143593862985,1.1165729646445604
aperture,-2.0,1600.0,0.7152066466270222,64,210,231,1.5104926993616818,1173.6363587115202,1.2099999999999997
aperture,-2.0,1600.0,0.9051834121373249,81,178,205,1.3734886995509559,1169.8289439978935,1.3263792450448169
aperture,-2.0,1600.0,1.1175103853547221,100,150,182,1.2041555320166468,1138.341050403162,1.4721777777777778
aperture,-2.0,1600.0,1.3521875662792138,121,127,162,1.044462566081545,1091.3021753835437,1.6271312542625083
aperture,-2.0,1600.0,1.6092149549108,144,108,144,0.8988972880282987,1026.164763629705,1.777777777777778
aperture,-2.0,1600.0,1.8885925512494803,169,93,129,0.7822627831971664,966.4863989672965,1.924037460978147
aperture,-2.0,1600.0,2.1903203552952553,196,80,116,0.6713300886051918,906.3619629718903,2.1025
aperture,-2.0,1600.0,2.5143983670481247,225,69,104,0.5732984487931255,836.3322002962004,2.271791640411678
aperture,-2.0,1600.0,2.8608265865080886,256,60,94,0.4932221059140185,777.3655565356715,2.454444444444444
aperture,-2.0,1600.0,3.229605013675147,289,53,85,0.4344598511318427,717.5717219442283,2.5720897116411523
aperture,-2.0,1600.0,3.6207336485492996,324,46,77,0.3669110072276004,660.17045177523,2.801984877126653
aperture,-2.0,1600.0,4.034212491130547,361,41,71,0.32476930986867286,625.3937271660199,2.9988102320047583
aperture,-2.0,1600.0,4.4700415414188885,400,36,65,0.27743743457663544,580.7862502056947,3.2600308641975295
aperture,-2.0,1600.0,4.928220799414325,441,33,59,0.2570197733757612,527.5604551491222,3.196510560146923
aperture,-2.0,1600.0,5.408750265116855,484,29,55,0.21784190416630397,503.1533425598566,3.5969084423305584
aperture,-2.0,1600.0,5.91162993852648,529,26,50,0.1913825932761249,454.4910153236872,3.6982248520710046
aperture,-2.0,1600.0,6.4368598196432,576,24,47,0.17755995812904665,437.2681255513152,3.8350694444444438
aperture,-2.0,1600.0,6.984439908467014,625,22,43,0.16189202152668253,397.14266887216326,3.820247933884296
aperture,-2.0,1600.0,7.554370204997921,676,20,40,0.14471273593657835,371.7032001316447,3.999999999999999
aperture,-2.0,1600.0,8.146650709235924,729,18,38,0.12640743112897954,361.7631637405503,4.456790123456789
aperture,-2.0,1600.0,8.761281421181021,784,17,35,0.12125899725431277,330.05154715831316,4.238754325259515
aperture,-2.0,1600.0,9.398262340833213,841,15,33,0.1012694802426,314.74112808558306,4.839999999999999
aperture,-2.0,1600.0,10.057593468192499,900,14,31,0.09440579371010512,297.2319691141452,4.903061224489795
aperture,-2.0,1600.0,10.73927480325888,961,13,29,0.08691808702190738,277.7467622499957,4.976331360946744
aperture,-2.0,1600.0,11.443306346032355,1024,12,27,0.07891553694624297,256.54119090742626,5.062499999999999
aperture,-2.0,1600.0,12.169688096512925,1089,11,26,0.07052016457702291,252.99049058960063,5.5867768595041305
aperture,-2.0,1600.0,12.918420054700588,1156,11,24,0.07485887075393802,228.82840793903145,4.760330578512395
aperture,-2.0,1600.0,13.689502220595346,1225,10,23,0.06555957896535078,222.70059750860673,5.289999999999998
aperture,-2.0,1600.0,14.482934594197198,1296,9,22,0.05618108050176867,215.56586180415675,5.975308641975308
aperture,-2.0,1600.0,15.298717175506146,1369,9,21,0.05934560123990843,207.4778118641621,5.444444444444443
aperture,-2.0,1600.0,16.136849964522188,1444,8,19,0.04945921673193353,179.14472168770735,5.640624999999999
aperture,-2.0,1600.0,16.997332961245323,1521,8,18,0.052096584937168205,169.3572705599806,5.062499999999999
